budget,genres,homepage,id,keywords,original_language,original_title,overview,popularity,production_companies,production_countries,release_date,revenue,runtime,spoken_languages,status,tagline,title,vote_average,vote_count
102000000,"[{'id': 10752, 'name': 'War'}]",,1,[],en,Movie 1,Description,176.56026995164538,[],[],1990-01-01,1535500000,85.22242224269152,[],Released,Tagline,Title 1,8.781358004038436,15323
270000000,"[{'id': 14, 'name': 'Fantasy'}]",,2,[],ko,Movie 2,Description,81.02794476279081,[],[],1990-01-13,1505900000,128.0534271742262,[],Released,Tagline,Title 2,7.824186985513762,11552
106000000,"[{'id': 53, 'name': 'Thriller'}, {'id': 36, 'name': 'History'}, {'id': 9648, 'name': 'Mystery'}]",,3,[],en,Movie 3,Description,14.257795386124828,[],[],1990-01-25,1462100000,95.64380290122692,[],Released,Tagline,Title 3,6.026283902860539,8127
71000000,"[{'id': 27, 'name': 'Horror'}]",,4,[],en,Movie 4,Description,103.69411364601676,[],[],1990-02-07,1998800000,121.98477088401847,[],Released,Tagline,Title 4,7.741376871986284,16391
188000000,"[{'id': 10402, 'name': 'Music'}]",,5,[],en,Movie 5,Description,69.84852507359817,[],[],1990-02-19,391400000,174.93916245080817,[],Released,Tagline,Title 5,8.748470904596063,10741
20000000,"[{'id': 80, 'name': 'Crime'}, {'id': 14, 'name': 'Fantasy'}, {'id': 35, 'name': 'Comedy'}]",,6,[],en,Movie 6,Description,134.77285072888782,[],[],1990-03-04,1780400000,155.16372133719898,[],Released,Tagline,Title 6,6.496902728270625,324
102000000,"[{'id': 37, 'name': 'Western'}]",,7,[],en,Movie 7,Description,190.25555202497262,[],[],1990-03-16,216800000,133.4481293345011,[],Released,Tagline,Title 7,6.052484665614449,8849
121000000,"[{'id': 878, 'name': 'Science Fiction'}]",,8,[],de,Movie 8,Description,97.63605528137255,[],[],1990-03-29,214500000,91.01999694261926,[],Released,Tagline,Title 8,4.390093495003683,6682
214000000,"[{'id': 37, 'name': 'Western'}]",,9,[],es,Movie 9,Description,93.77185580095123,[],[],1990-04-10,216800000,154.29795911776796,[],Released,Tagline,Title 9,8.461851853254311,1673
87000000,"[{'id': 36, 'name': 'History'}]",,10,[],en,Movie 10,Description,131.2623752381006,[],[],1990-04-22,975300000,99.64515830108604,[],Released,Tagline,Title 10,5.2321714039682785,8677
99000000,"[{'id': 36, 'name': 'History'}, {'id': 37, 'name': 'Western'}, {'id': 35, 'name': 'Comedy'}]",,11,[],en,Movie 11,Description,21.59600321511997,[],[],1990-05-05,936900000,89.19036126339378,[],Released,Tagline,Title 11,4.319789484095698,8812
151000000,"[{'id': 37, 'name': 'Western'}, {'id': 28, 'name': 'Action'}, {'id': 53, 'name': 'Thriller'}]",,12,[],en,Movie 12,Description,51.447731596077915,[],[],1990-05-17,2584500000,159.67952209515295,[],Released,Tagline,Title 12,6.686017432955415,6863
130000000,"[{'id': 27, 'name': 'Horror'}]",,13,[],en,Movie 13,Description,183.8768857745793,[],[],1990-05-30,2227600000,189.44718773852088,[],Released,Tagline,Title 13,8.229498229807625,12264
149000000,"[{'id': 27, 'name': 'Horror'}, {'id': 35, 'name': 'Comedy'}, {'id': 10402, 'name': 'Music'}]",,14,[],en,Movie 14,Description,134.3185800593895,[],[],1990-06-11,2816400000,135.2712124124627,[],Released,Tagline,Title 14,6.033175278115262,5317
257000000,"[{'id': 99, 'name': 'Documentary'}, {'id': 10402, 'name': 'Music'}]",,15,[],en,Movie 15,Description,3.6753647526998345,[],[],1990-06-24,2292100000,84.91950927297368,[],Released,Tagline,Title 15,7.915337350795081,19626
293000000,"[{'id': 16, 'name': 'Animation'}, {'id': 27, 'name': 'Horror'}]",,16,[],ko,Movie 16,Description,41.72046903924495,[],[],1990-07-06,1755100000,185.63572609022492,[],Released,Tagline,Title 16,8.18198003641998,16372
191000000,"[{'id': 878, 'name': 'Science Fiction'}, {'id': 14, 'name': 'Fantasy'}, {'id': 37, 'name': 'Western'}]",,17,[],de,Movie 17,Description,136.88461593975092,[],[],1990-07-18,357600000,88.03685193482889,[],Released,Tagline,Title 17,6.272017794099319,12834
276000000,"[{'id': 10752, 'name': 'War'}]",,18,[],en,Movie 18,Description,153.11544130995227,[],[],1990-07-31,1922600000,184.10158912419047,[],Released,Tagline,Title 18,6.954775329702368,11453
160000000,"[{'id': 99, 'name': 'Documentary'}, {'id': 18, 'name': 'Drama'}]",,19,[],en,Movie 19,Description,168.13205496213433,[],[],1990-08-12,1825500000,127.01832478675172,[],Released,Tagline,Title 19,6.669561492694701,3601
21000000,"[{'id': 99, 'name': 'Documentary'}, {'id': 28, 'name': 'Action'}]",,20,[],en,Movie 20,Description,59.14318387302693,[],[],1990-08-25,2850600000,123.84734463477076,[],Released,Tagline,Title 20,8.695979308172507,13630
252000000,"[{'id': 35, 'name': 'Comedy'}, {'id': 10402, 'name': 'Music'}, {'id': 878, 'name': 'Science Fiction'}]",,21,[],ko,Movie 21,Description,186.27469065923495,[],[],1990-09-06,2684400000,145.1356855347742,[],Released,Tagline,Title 21,7.627528425458806,12494
235000000,"[{'id': 18, 'name': 'Drama'}]",,22,[],en,Movie 22,Description,111.03643182200058,[],[],1990-09-19,1927100000,194.85017809330625,[],Released,Tagline,Title 22,8.626714053850566,1599
48000000,"[{'id': 18, 'name': 'Drama'}]",,23,[],en,Movie 23,Description,139.61126545519068,[],[],1990-10-01,1654400000,187.8488654103174,[],Released,Tagline,Title 23,5.10004989030986,9769
58000000,"[{'id': 18, 'name': 'Drama'}, {'id': 28, 'name': 'Action'}]",,24,[],en,Movie 24,Description,119.75103369320168,[],[],1990-10-13,724400000,136.43961059657207,[],Released,Tagline,Title 24,5.551184259163352,10619
169000000,"[{'id': 99, 'name': 'Documentary'}]",,25,[],ja,Movie 25,Description,25.42527088024947,[],[],1990-10-26,2723500000,163.49878772285822,[],Released,Tagline,Title 25,4.354567365900339,13339
187000000,"[{'id': 10752, 'name': 'War'}, {'id': 36, 'name': 'History'}, {'id': 878, 'name': 'Science Fiction'}]",,26,[],ja,Movie 26,Description,192.6598172175911,[],[],1990-11-07,2014800000,149.65151028120948,[],Released,Tagline,Title 26,6.4995397834790385,18228
270000000,"[{'id': 10751, 'name': 'Family'}]",,27,[],en,Movie 27,Description,25.45224039893638,[],[],1990-11-20,1292700000,163.21538948758007,[],Released,Tagline,Title 27,8.369618396929553,2139
189000000,"[{'id': 28, 'name': 'Action'}, {'id': 10749, 'name': 'Romance'}, {'id': 10402, 'name': 'Music'}]",,28,[],ja,Movie 28,Description,51.72150932582554,[],[],1990-12-02,105600000,179.51929520745165,[],Released,Tagline,Title 28,5.634233485653578,8411
174000000,"[{'id': 27, 'name': 'Horror'}, {'id': 37, 'name': 'Western'}, {'id': 14, 'name': 'Fantasy'}]",,29,[],en,Movie 29,Description,162.91194816437306,[],[],1990-12-15,1671800000,84.13925946423126,[],Released,Tagline,Title 29,4.641410534746657,3957
50000000,"[{'id': 80, 'name': 'Crime'}]",,30,[],en,Movie 30,Description,124.10079533871918,[],[],1990-12-27,1998100000,119.09118247134771,[],Released,Tagline,Title 30,4.342231274645265,5050
54000000,"[{'id': 37, 'name': 'Western'}]",,31,[],es,Movie 31,Description,167.79168390989503,[],[],1991-01-08,2399200000,195.11949298806405,[],Released,Tagline,Title 31,6.237501362618273,15541
243000000,"[{'id': 18, 'name': 'Drama'}]",,32,[],ja,Movie 32,Description,103.63150148643493,[],[],1991-01-21,908400000,193.9203570229909,[],Released,Tagline,Title 32,4.820108723143816,12835
130000000,"[{'id': 36, 'name': 'History'}]",,33,[],en,Movie 33,Description,76.02165383796034,[],[],1991-02-02,2756400000,81.3465067972955,[],Released,Tagline,Title 33,5.730520144425517,1843
134000000,"[{'id': 10749, 'name': 'Romance'}, {'id': 12, 'name': 'Adventure'}, {'id': 878, 'name': 'Science Fiction'}]",,34,[],en,Movie 34,Description,184.4472544100092,[],[],1991-02-15,2902400000,104.17281559068395,[],Released,Tagline,Title 34,8.099899040412184,13383
20000000,"[{'id': 18, 'name': 'Drama'}]",,35,[],es,Movie 35,Description,8.214211185444174,[],[],1991-02-27,136300000,199.25240508132353,[],Released,Tagline,Title 35,5.920236913787622,9738
166000000,"[{'id': 53, 'name': 'Thriller'}, {'id': 16, 'name': 'Animation'}, {'id': 80, 'name': 'Crime'}]",,36,[],de,Movie 36,Description,171.36991385025613,[],[],1991-03-12,92600000,139.1390091079383,[],Released,Tagline,Title 36,7.049354591281778,3716
273000000,"[{'id': 10752, 'name': 'War'}]",,37,[],ja,Movie 37,Description,46.93273925236854,[],[],1991-03-24,2190400000,148.7439204760223,[],Released,Tagline,Title 37,6.510800279114074,15483
88000000,"[{'id': 36, 'name': 'History'}, {'id': 10749, 'name': 'Romance'}, {'id': 80, 'name': 'Crime'}]",,38,[],en,Movie 38,Description,169.8985292230396,[],[],1991-04-05,1882800000,99.9704222626943,[],Released,Tagline,Title 38,7.592666464850182,3994
13000000,"[{'id': 10751, 'name': 'Family'}, {'id': 53, 'name': 'Thriller'}]",,39,[],ko,Movie 39,Description,28.700126069960234,[],[],1991-04-18,1632200000,187.32027305102355,[],Released,Tagline,Title 39,4.7808247949378435,18208
241000000,"[{'id': 28, 'name': 'Action'}, {'id': 99, 'name': 'Documentary'}]",,40,[],ko,Movie 40,Description,116.46357377441755,[],[],1991-04-30,1077000000,107.75171595789354,[],Released,Tagline,Title 40,8.602205182418093,6327
264000000,"[{'id': 10751, 'name': 'Family'}, {'id': 9648, 'name': 'Mystery'}]",,41,[],en,Movie 41,Description,177.73347588328292,[],[],1991-05-13,398100000,102.75771560234439,[],Released,Tagline,Title 41,7.218163987750176,10564
52000000,"[{'id': 36, 'name': 'History'}]",,42,[],es,Movie 42,Description,95.23438973287921,[],[],1991-05-25,726100000,107.37468839843939,[],Released,Tagline,Title 42,5.354768657900536,7947
91000000,"[{'id': 53, 'name': 'Thriller'}, {'id': 27, 'name': 'Horror'}]",,43,[],en,Movie 43,Description,149.5667680868752,[],[],1991-06-07,1615200000,190.35460431692104,[],Released,Tagline,Title 43,4.616268540690295,4381
263000000,"[{'id': 16, 'name': 'Animation'}, {'id': 53, 'name': 'Thriller'}]",,44,[],en,Movie 44,Description,161.12965195325611,[],[],1991-06-19,1059800000,164.3416048612219,[],Released,Tagline,Title 44,4.748627820730952,18684
34000000,"[{'id': 9648, 'name': 'Mystery'}, {'id': 36, 'name': 'History'}]",,45,[],en,Movie 45,Description,147.56234753463906,[],[],1991-07-01,142000000,172.231567338833,[],Released,Tagline,Title 45,7.913314634480541,2243
205000000,"[{'id': 12, 'name': 'Adventure'}, {'id': 9648, 'name': 'Mystery'}]",,46,[],en,Movie 46,Description,185.14061763804506,[],[],1991-07-14,1106800000,125.24436298211033,[],Released,Tagline,Title 46,6.94055026656479,14880
80000000,"[{'id': 14, 'name': 'Fantasy'}, {'id': 18, 'name': 'Drama'}, {'id': 53, 'name': 'Thriller'}]",,47,[],en,Movie 47,Description,89.9200118734658,[],[],1991-07-26,6000000,189.10124179166735,[],Released,Tagline,Title 47,5.903791453590917,3281
49000000,"[{'id': 10402, 'name': 'Music'}, {'id': 14, 'name': 'Fantasy'}]",,48,[],ja,Movie 48,Description,35.451962393866,[],[],1991-08-08,252500000,174.72895428072678,[],Released,Tagline,Title 48,5.6645042309344,19359
1000000,"[{'id': 28, 'name': 'Action'}, {'id': 16, 'name': 'Animation'}, {'id': 36, 'name': 'History'}]",,49,[],en,Movie 49,Description,10.514401676793478,[],[],1991-08-20,2018200000,170.07168350087855,[],Released,Tagline,Title 49,8.278790022002651,6620
53000000,"[{'id': 14, 'name': 'Fantasy'}, {'id': 10402, 'name': 'Music'}, {'id': 35, 'name': 'Comedy'}]",,50,[],en,Movie 50,Description,50.045514057863514,[],[],1991-09-02,2723600000,196.5128340407542,[],Released,Tagline,Title 50,8.373812618907305,13152
105000000,"[{'id': 12, 'name': 'Adventure'}, {'id': 99, 'name': 'Documentary'}]",,51,[],ko,Movie 51,Description,29.49630327216818,[],[],1991-09-14,2867300000,123.94361969520185,[],Released,Tagline,Title 51,6.9063101920964645,12371
259000000,"[{'id': 10749, 'name': 'Romance'}, {'id': 10751, 'name': 'Family'}]",,52,[],en,Movie 52,Description,112.03179954546161,[],[],1991-09-26,157900000,153.31683761550573,[],Released,Tagline,Title 52,6.622720328325181,17580
190000000,"[{'id': 35, 'name': 'Comedy'}, {'id': 53, 'name': 'Thriller'}]",,53,[],en,Movie 53,Description,37.80412210513467,[],[],1991-10-09,1259900000,189.19156387726593,[],Released,Tagline,Title 53,8.082240210382857,12599
217000000,"[{'id': 10749, 'name': 'Romance'}, {'id': 53, 'name': 'Thriller'}]",,54,[],en,Movie 54,Description,8.747807750584865,[],[],1991-10-21,1452800000,174.9066731823143,[],Released,Tagline,Title 54,7.746675898971876,9015
43000000,"[{'id': 9648, 'name': 'Mystery'}, {'id': 18, 'name': 'Drama'}]",,55,[],en,Movie 55,Description,8.161975944864905,[],[],1991-11-03,2358600000,147.60547498707382,[],Released,Tagline,Title 55,6.001625916638942,16222
161000000,"[{'id': 14, 'name': 'Fantasy'}]",,56,[],en,Movie 56,Description,166.48233017460745,[],[],1991-11-15,2768200000,89.14564217362386,[],Released,Tagline,Title 56,4.413693423754285,11531
201000000,"[{'id': 18, 'name': 'Drama'}, {'id': 36, 'name': 'History'}, {'id': 28, 'name': 'Action'}]",,57,[],es,Movie 57,Description,118.69853635716194,[],[],1991-11-28,1604800000,158.3268127466808,[],Released,Tagline,Title 57,7.842500536813889,7018
269000000,"[{'id': 18, 'name': 'Drama'}]",,58,[],en,Movie 58,Description,72.25897507678225,[],[],1991-12-10,70800000,143.18666682414226,[],Released,Tagline,Title 58,4.8435051447012185,8248
270000000,"[{'id': 16, 'name': 'Animation'}, {'id': 12, 'name': 'Adventure'}, {'id': 80, 'name': 'Crime'}]",,59,[],es,Movie 59,Description,178.95138050530915,[],[],1991-12-22,2455000000,102.10165537815517,[],Released,Tagline,Title 59,4.081884532392392,13138
214000000,"[{'id': 35, 'name': 'Comedy'}, {'id': 80, 'name': 'Crime'}, {'id': 99, 'name': 'Documentary'}]",,60,[],en,Movie 60,Description,14.969125670135007,[],[],1992-01-04,527800000,185.8703748011117,[],Released,Tagline,Title 60,8.216513376019954,13905
251000000,"[{'id': 878, 'name': 'Science Fiction'}, {'id': 99, 'name': 'Documentary'}, {'id': 10751, 'name': 'Family'}]",,61,[],en,Movie 61,Description,196.08409247283734,[],[],1992-01-16,178100000,121.18983138784918,[],Released,Tagline,Title 61,6.891269226683593,19698
189000000,"[{'id': 10749, 'name': 'Romance'}, {'id': 35, 'name': 'Comedy'}, {'id': 10751, 'name': 'Family'}]",,62,[],en,Movie 62,Description,123.64206626063775,[],[],1992-01-29,1381200000,126.49758722207564,[],Released,Tagline,Title 62,8.458330177678793,7849
295000000,"[{'id': 27, 'name': 'Horror'}, {'id': 53, 'name': 'Thriller'}, {'id': 80, 'name': 'Crime'}]",,63,[],fr,Movie 63,Description,37.50938653980084,[],[],1992-02-10,1879800000,160.68818585556926,[],Released,Tagline,Title 63,6.422940415988091,2971
212000000,"[{'id': 12, 'name': 'Adventure'}, {'id': 10402, 'name': 'Music'}, {'id': 10752, 'name': 'War'}]",,64,[],en,Movie 64,Description,136.13475069641675,[],[],1992-02-23,1314600000,138.65584904494892,[],Released,Tagline,Title 64,8.632405503557015,4589
207000000,"[{'id': 28, 'name': 'Action'}, {'id': 18, 'name': 'Drama'}]",,65,[],en,Movie 65,Description,152.91287069692896,[],[],1992-03-06,2798300000,90.71372915349792,[],Released,Tagline,Title 65,5.769858739894319,4707
236000000,"[{'id': 37, 'name': 'Western'}, {'id': 10749, 'name': 'Romance'}, {'id': 14, 'name': 'Fantasy'}]",,66,[],en,Movie 66,Description,86.43921389078412,[],[],1992-03-18,2413500000,126.49299408262817,[],Released,Tagline,Title 66,7.622610011671465,13073
52000000,"[{'id': 9648, 'name': 'Mystery'}, {'id': 27, 'name': 'Horror'}, {'id': 12, 'name': 'Adventure'}]",,67,[],en,Movie 67,Description,172.46488864286394,[],[],1992-03-31,1466300000,91.33593415258798,[],Released,Tagline,Title 67,5.504932546308917,12211
279000000,"[{'id': 14, 'name': 'Fantasy'}]",,68,[],en,Movie 68,Description,30.995749051997592,[],[],1992-04-12,1854600000,102.89004837480574,[],Released,Tagline,Title 68,4.005818321639892,5934
216000000,"[{'id': 10752, 'name': 'War'}, {'id': 53, 'name': 'Thriller'}]",,69,[],en,Movie 69,Description,56.48867913194406,[],[],1992-04-25,2959100000,80.86093260205446,[],Released,Tagline,Title 69,5.898722672744784,10012
251000000,"[{'id': 10752, 'name': 'War'}]",,70,[],en,Movie 70,Description,19.604979955213963,[],[],1992-05-07,1173200000,101.75756977815946,[],Released,Tagline,Title 70,7.688827565546194,3499
187000000,"[{'id': 10751, 'name': 'Family'}, {'id': 18, 'name': 'Drama'}]",,71,[],de,Movie 71,Description,42.96469028086308,[],[],1992-05-20,880100000,119.65368247980331,[],Released,Tagline,Title 71,4.75012089723257,18341
40000000,"[{'id': 18, 'name': 'Drama'}, {'id': 27, 'name': 'Horror'}]",,72,[],en,Movie 72,Description,48.50703357031786,[],[],1992-06-01,1669300000,144.58621204787534,[],Released,Tagline,Title 72,6.524010166036965,7704
156000000,"[{'id': 28, 'name': 'Action'}]",,73,[],en,Movie 73,Description,183.6090049934203,[],[],1992-06-13,544000000,190.31326534192786,[],Released,Tagline,Title 73,5.061607424253575,11057
14000000,"[{'id': 99, 'name': 'Documentary'}]",,74,[],en,Movie 74,Description,16.543828061480085,[],[],1992-06-26,430800000,144.83922406904662,[],Released,Tagline,Title 74,4.373120607095514,7831
64000000,"[{'id': 28, 'name': 'Action'}, {'id': 36, 'name': 'History'}, {'id': 37, 'name': 'Western'}]",,75,[],en,Movie 75,Description,86.05560891735418,[],[],1992-07-08,236500000,164.67242496372097,[],Released,Tagline,Title 75,7.087259909721581,18880
8000000,"[{'id': 14, 'name': 'Fantasy'}]",,76,[],ja,Movie 76,Description,106.94733875815568,[],[],1992-07-21,1656900000,122.9212509566929,[],Released,Tagline,Title 76,8.759838111517016,15908
128000000,"[{'id': 10751, 'name': 'Family'}]",,77,[],en,Movie 77,Description,179.83991770663,[],[],1992-08-02,532500000,170.19569522807208,[],Released,Tagline,Title 77,5.553521093589586,2361
135000000,"[{'id': 878, 'name': 'Science Fiction'}, {'id': 27, 'name': 'Horror'}, {'id': 36, 'name': 'History'}]",,78,[],en,Movie 78,Description,199.5415475135815,[],[],1992-08-15,548400000,154.4562495261773,[],Released,Tagline,Title 78,6.903229001799752,11909
62000000,"[{'id': 10749, 'name': 'Romance'}]",,79,[],es,Movie 79,Description,150.92423486904732,[],[],1992-08-27,2991200000,135.17528159298337,[],Released,Tagline,Title 79,8.768016838753972,17796
138000000,"[{'id': 12, 'name': 'Adventure'}]",,80,[],en,Movie 80,Description,194.18740712323688,[],[],1992-09-08,24600000,103.2522553869471,[],Released,Tagline,Title 80,7.252416749973437,10156
80000000,"[{'id': 99, 'name': 'Documentary'}, {'id': 28, 'name': 'Action'}, {'id': 12, 'name': 'Adventure'}]",,81,[],en,Movie 81,Description,157.6331253746389,[],[],1992-09-21,843100000,116.42490895967588,[],Released,Tagline,Title 81,7.365566511549771,18789
162000000,"[{'id': 35, 'name': 'Comedy'}]",,82,[],en,Movie 82,Description,192.6773255533119,[],[],1992-10-03,818400000,154.5135304850906,[],Released,Tagline,Title 82,4.894642557804179,19225
288000000,"[{'id': 28, 'name': 'Action'}, {'id': 53, 'name': 'Thriller'}]",,83,[],fr,Movie 83,Description,141.74687446294658,[],[],1992-10-16,592500000,131.12675892374875,[],Released,Tagline,Title 83,6.463048394264133,19820
260000000,"[{'id': 10402, 'name': 'Music'}, {'id': 10752, 'name': 'War'}]",,84,[],ko,Movie 84,Description,16.87292166476314,[],[],1992-10-28,1690400000,186.7263868098862,[],Released,Tagline,Title 84,5.835413735436234,1097
230000000,"[{'id': 9648, 'name': 'Mystery'}, {'id': 878, 'name': 'Science Fiction'}]",,85,[],ja,Movie 85,Description,80.98211721154263,[],[],1992-11-10,1390200000,108.18083258427023,[],Released,Tagline,Title 85,6.35478426195515,15255
40000000,"[{'id': 53, 'name': 'Thriller'}, {'id': 12, 'name': 'Adventure'}]",,86,[],en,Movie 86,Description,129.6728594766916,[],[],1992-11-22,390800000,88.76871827039268,[],Released,Tagline,Title 86,8.004132882209387,6453
27000000,"[{'id': 35, 'name': 'Comedy'}, {'id': 12, 'name': 'Adventure'}]",,87,[],ko,Movie 87,Description,70.79298338139594,[],[],1992-12-04,27700000,150.72182918065812,[],Released,Tagline,Title 87,6.303494938730491,18803
134000000,"[{'id': 18, 'name': 'Drama'}, {'id': 53, 'name': 'Thriller'}, {'id': 12, 'name': 'Adventure'}]",,88,[],en,Movie 88,Description,55.40339970464194,[],[],1992-12-17,2860500000,186.3261008228091,[],Released,Tagline,Title 88,4.314253391289175,3307
200000000,"[{'id': 16, 'name': 'Animation'}, {'id': 10752, 'name': 'War'}, {'id': 28, 'name': 'Action'}]",,89,[],en,Movie 89,Description,115.9024541594851,[],[],1992-12-29,510200000,123.76868353277465,[],Released,Tagline,Title 89,8.527708305754315,9375
267000000,"[{'id': 10752, 'name': 'War'}, {'id': 28, 'name': 'Action'}]",,90,[],es,Movie 90,Description,186.76687346378455,[],[],1993-01-11,1453800000,157.7253601841798,[],Released,Tagline,Title 90,6.724079437259853,15974
32000000,"[{'id': 12, 'name': 'Adventure'}, {'id': 27, 'name': 'Horror'}]",,91,[],en,Movie 91,Description,7.961392829714558,[],[],1993-01-23,1250200000,107.76951466125783,[],Released,Tagline,Title 91,8.62247179265146,3186
47000000,"[{'id': 9648, 'name': 'Mystery'}]",,92,[],en,Movie 92,Description,154.07700950474612,[],[],1993-02-05,2518200000,147.0166306007226,[],Released,Tagline,Title 92,6.861772560138123,16073
61000000,"[{'id': 53, 'name': 'Thriller'}, {'id': 14, 'name': 'Fantasy'}, {'id': 878, 'name': 'Science Fiction'}]",,93,[],en,Movie 93,Description,144.8227283308808,[],[],1993-02-17,2095800000,174.41505210351838,[],Released,Tagline,Title 93,4.348181579875303,17205
215000000,"[{'id': 12, 'name': 'Adventure'}]",,94,[],en,Movie 94,Description,192.82673165226913,[],[],1993-03-01,460400000,184.04379185320207,[],Released,Tagline,Title 94,6.764346967628857,14970
292000000,"[{'id': 10402, 'name': 'Music'}, {'id': 878, 'name': 'Science Fiction'}]",,95,[],fr,Movie 95,Description,186.21153324417617,[],[],1993-03-14,1633600000,92.61429558228761,[],Released,Tagline,Title 95,6.878694662463403,1254
98000000,"[{'id': 53, 'name': 'Thriller'}, {'id': 878, 'name': 'Science Fiction'}, {'id': 18, 'name': 'Drama'}]",,96,[],en,Movie 96,Description,152.68427984679437,[],[],1993-03-26,1338700000,122.76494195518946,[],Released,Tagline,Title 96,5.0716993967148785,16129
171000000,"[{'id': 80, 'name': 'Crime'}, {'id': 10752, 'name': 'War'}, {'id': 12, 'name': 'Adventure'}]",,97,[],en,Movie 97,Description,104.56134417183713,[],[],1993-04-08,405400000,156.75733303230442,[],Released,Tagline,Title 97,6.355145420521883,7267
213000000,"[{'id': 53, 'name': 'Thriller'}, {'id': 12, 'name': 'Adventure'}]",,98,[],en,Movie 98,Description,41.64924309347045,[],[],1993-04-20,2319700000,84.16674417123826,[],Released,Tagline,Title 98,6.297207559368257,116
34000000,"[{'id': 16, 'name': 'Animation'}, {'id': 878, 'name': 'Science Fiction'}]",,99,[],ko,Movie 99,Description,109.5019079467893,[],[],1993-05-03,2728900000,162.87382401809924,[],Released,Tagline,Title 99,7.114380745103018,7197
226000000,"[{'id': 12, 'name': 'Adventure'}]",,100,[],es,Movie 100,Description,153.30504679001112,[],[],1993-05-15,607400000,143.36406593645927,[],Released,Tagline,Title 100,5.298070493369602,13265
100000000,"[{'id': 10752, 'name': 'War'}, {'id': 80, 'name': 'Crime'}]",,101,[],en,Movie 101,Description,179.23817331494072,[],[],1993-05-27,1652600000,114.62795350640317,[],Released,Tagline,Title 101,6.908742089740969,18716
130000000,"[{'id': 35, 'name': 'Comedy'}]",,102,[],ko,Movie 102,Description,158.15268983289926,[],[],1993-06-09,2823800000,177.75853407128608,[],Released,Tagline,Title 102,5.204760213184715,11754
256000000,"[{'id': 14, 'name': 'Fantasy'}, {'id': 10752, 'name': 'War'}, {'id': 10749, 'name': 'Romance'}]",,103,[],fr,Movie 103,Description,39.85812010301974,[],[],1993-06-21,1056200000,114.80608547549302,[],Released,Tagline,Title 103,6.232226361019533,17930
4000000,"[{'id': 18, 'name': 'Drama'}, {'id': 53, 'name': 'Thriller'}]",,104,[],en,Movie 104,Description,120.33757653138382,[],[],1993-07-04,1810200000,198.9698055444564,[],Released,Tagline,Title 104,4.613528496686535,16305
217000000,"[{'id': 80, 'name': 'Crime'}, {'id': 10752, 'name': 'War'}]",,105,[],en,Movie 105,Description,67.10251844674005,[],[],1993-07-16,1274900000,177.96442269360085,[],Released,Tagline,Title 105,4.186502739307391,9757
254000000,"[{'id': 99, 'name': 'Documentary'}, {'id': 16, 'name': 'Animation'}, {'id': 53, 'name': 'Thriller'}]",,106,[],en,Movie 106,Description,2.8319278107379553,[],[],1993-07-29,2934200000,164.95766016597054,[],Released,Tagline,Title 106,5.6029365299586695,12059
282000000,"[{'id': 10402, 'name': 'Music'}, {'id': 14, 'name': 'Fantasy'}]",,107,[],fr,Movie 107,Description,40.84396622194455,[],[],1993-08-10,731400000,87.36170695551752,[],Released,Tagline,Title 107,5.372858753248707,11919
206000000,"[{'id': 36, 'name': 'History'}, {'id': 878, 'name': 'Science Fiction'}]",,108,[],en,Movie 108,Description,23.530909336756405,[],[],1993-08-22,2800400000,188.51724463847282,[],Released,Tagline,Title 108,6.034679560156734,3183
14000000,"[{'id': 99, 'name': 'Documentary'}, {'id': 10749, 'name': 'Romance'}, {'id': 10402, 'name': 'Music'}]",,109,[],en,Movie 109,Description,168.70110558435425,[],[],1993-09-04,2690100000,174.8066366885061,[],Released,Tagline,Title 109,8.809913100001697,9835
41000000,"[{'id': 28, 'name': 'Action'}, {'id': 18, 'name': 'Drama'}]",,110,[],en,Movie 110,Description,52.44274417741458,[],[],1993-09-16,2642100000,107.48300951501628,[],Released,Tagline,Title 110,6.611146473851642,7052
178000000,"[{'id': 27, 'name': 'Horror'}]",,111,[],ko,Movie 111,Description,57.65489580862354,[],[],1993-09-29,571500000,127.06978175922669,[],Released,Tagline,Title 111,6.765883530683783,14737
62000000,"[{'id': 878, 'name': 'Science Fiction'}, {'id': 80, 'name': 'Crime'}, {'id': 10402, 'name': 'Music'}]",,112,[],en,Movie 112,Description,192.02737778797797,[],[],1993-10-11,1678400000,112.23578619429715,[],Released,Tagline,Title 112,8.70800519393687,9563
230000000,"[{'id': 12, 'name': 'Adventure'}, {'id': 10402, 'name': 'Music'}, {'id': 28, 'name': 'Action'}]",,113,[],ko,Movie 113,Description,76.43825788672157,[],[],1993-10-24,2114800000,198.12992410172797,[],Released,Tagline,Title 113,8.605735687959164,5491
240000000,"[{'id': 10749, 'name': 'Romance'}]",,114,[],ko,Movie 114,Description,2.907542388734517,[],[],1993-11-05,2714000000,182.50357337666713,[],Released,Tagline,Title 114,8.42055976950209,14568
51000000,"[{'id': 35, 'name': 'Comedy'}, {'id': 28, 'name': 'Action'}, {'id': 80, 'name': 'Crime'}]",,115,[],en,Movie 115,Description,57.48538352088117,[],[],1993-11-17,2609900000,191.6270363234123,[],Released,Tagline,Title 115,4.489973710148565,15191
95000000,"[{'id': 36, 'name': 'History'}]",,116,[],en,Movie 116,Description,24.740616539760676,[],[],1993-11-30,952700000,174.6529083650516,[],Released,Tagline,Title 116,7.171487052601652,15064
221000000,"[{'id': 10752, 'name': 'War'}]",,117,[],en,Movie 117,Description,21.458903785434938,[],[],1993-12-12,1358300000,134.7617889284297,[],Released,Tagline,Title 117,8.04049490246756,9064
230000000,"[{'id': 878, 'name': 'Science Fiction'}, {'id': 99, 'name': 'Documentary'}, {'id': 28, 'name': 'Action'}]",,118,[],ko,Movie 118,Description,16.419970737014154,[],[],1993-12-25,1081600000,104.65210997776221,[],Released,Tagline,Title 118,8.177873447885474,8014
236000000,"[{'id': 80, 'name': 'Crime'}]",,119,[],en,Movie 119,Description,119.05863456490007,[],[],1994-01-06,1376100000,104.96961882916806,[],Released,Tagline,Title 119,6.889535712509481,14576
142000000,"[{'id': 28, 'name': 'Action'}]",,120,[],en,Movie 120,Description,38.68019700234187,[],[],1994-01-19,625600000,98.20194180400124,[],Released,Tagline,Title 120,4.087477737430845,16966
170000000,"[{'id': 27, 'name': 'Horror'}, {'id': 53, 'name': 'Thriller'}]",,121,[],en,Movie 121,Description,72.88731601416109,[],[],1994-01-31,1662300000,145.59794603640765,[],Released,Tagline,Title 121,8.868564508208674,7537
28000000,"[{'id': 80, 'name': 'Crime'}, {'id': 12, 'name': 'Adventure'}]",,122,[],en,Movie 122,Description,172.54152550987334,[],[],1994-02-12,321600000,190.3959827436371,[],Released,Tagline,Title 122,6.3609835137906074,11471
35000000,"[{'id': 12, 'name': 'Adventure'}, {'id': 18, 'name': 'Drama'}, {'id': 35, 'name': 'Comedy'}]",,123,[],ko,Movie 123,Description,85.44328981945885,[],[],1994-02-25,754200000,199.01576840549194,[],Released,Tagline,Title 123,5.967979476367991,9873
12000000,"[{'id': 14, 'name': 'Fantasy'}]",,124,[],en,Movie 124,Description,183.22257866027587,[],[],1994-03-09,2971600000,114.47597600441178,[],Released,Tagline,Title 124,5.974743568386315,5303
159000000,"[{'id': 37, 'name': 'Western'}]",,125,[],ja,Movie 125,Description,100.08967262572564,[],[],1994-03-22,364800000,163.67774483560754,[],Released,Tagline,Title 125,6.120754400291332,19845
186000000,"[{'id': 9648, 'name': 'Mystery'}, {'id': 878, 'name': 'Science Fiction'}]",,126,[],en,Movie 126,Description,80.3684863531114,[],[],1994-04-03,2179300000,151.65176187324533,[],Released,Tagline,Title 126,5.210903590863765,15530
242000000,"[{'id': 80, 'name': 'Crime'}]",,127,[],en,Movie 127,Description,150.32739649104963,[],[],1994-04-16,980900000,138.67233402515734,[],Released,Tagline,Title 127,5.636668128749149,12562
85000000,"[{'id': 36, 'name': 'History'}]",,128,[],ko,Movie 128,Description,15.561844654832418,[],[],1994-04-28,2272500000,159.89223725744495,[],Released,Tagline,Title 128,8.926788048873696,9133
283000000,"[{'id': 36, 'name': 'History'}, {'id': 28, 'name': 'Action'}, {'id': 10749, 'name': 'Romance'}]",,129,[],en,Movie 129,Description,18.806198213501062,[],[],1994-05-10,1881400000,124.56356227760827,[],Released,Tagline,Title 129,5.840840001280471,18356
65000000,"[{'id': 10402, 'name': 'Music'}, {'id': 9648, 'name': 'Mystery'}, {'id': 878, 'name': 'Science Fiction'}]",,130,[],ko,Movie 130,Description,130.74276907066917,[],[],1994-05-23,365300000,193.33817301121394,[],Released,Tagline,Title 130,6.633625082368945,15854
169000000,"[{'id': 10749, 'name': 'Romance'}]",,131,[],en,Movie 131,Description,97.9012019346104,[],[],1994-06-04,2629800000,164.65386412476045,[],Released,Tagline,Title 131,8.241471329876092,19989
44000000,"[{'id': 28, 'name': 'Action'}, {'id': 10402, 'name': 'Music'}, {'id': 10749, 'name': 'Romance'}]",,132,[],en,Movie 132,Description,158.29263481352282,[],[],1994-06-17,1402900000,170.50413103909338,[],Released,Tagline,Title 132,6.637139055544317,3420
61000000,"[{'id': 14, 'name': 'Fantasy'}, {'id': 10751, 'name': 'Family'}, {'id': 28, 'name': 'Action'}]",,133,[],en,Movie 133,Description,183.33789663136275,[],[],1994-06-29,1380400000,109.09065140072887,[],Released,Tagline,Title 133,5.622267108090838,15079
133000000,"[{'id': 16, 'name': 'Animation'}]",,134,[],ko,Movie 134,Description,78.28500865663796,[],[],1994-07-12,630800000,100.22984041971434,[],Released,Tagline,Title 134,6.618754884592651,2828
283000000,"[{'id': 53, 'name': 'Thriller'}, {'id': 878, 'name': 'Science Fiction'}, {'id': 99, 'name': 'Documentary'}]",,135,[],ko,Movie 135,Description,119.68559529034461,[],[],1994-07-24,2584900000,127.32089517131877,[],Released,Tagline,Title 135,4.570431552195487,17438
27000000,"[{'id': 14, 'name': 'Fantasy'}]",,136,[],en,Movie 136,Description,100.63862893126667,[],[],1994-08-05,2771600000,172.00069824033847,[],Released,Tagline,Title 136,4.650034776163849,1695
107000000,"[{'id': 18, 'name': 'Drama'}]",,137,[],en,Movie 137,Description,196.34052047284413,[],[],1994-08-18,2152500000,192.6555091703429,[],Released,Tagline,Title 137,7.470537661153345,2388
43000000,"[{'id': 14, 'name': 'Fantasy'}]",,138,[],en,Movie 138,Description,166.38579706396243,[],[],1994-08-30,1926300000,131.27957911688094,[],Released,Tagline,Title 138,8.587303286298727,6945
285000000,"[{'id': 37, 'name': 'Western'}, {'id': 10402, 'name': 'Music'}, {'id': 99, 'name': 'Documentary'}]",,139,[],en,Movie 139,Description,182.43580394719336,[],[],1994-09-12,153600000,172.8988150996599,[],Released,Tagline,Title 139,7.628390667442591,7763
127000000,"[{'id': 35, 'name': 'Comedy'}]",,140,[],fr,Movie 140,Description,51.61367742794323,[],[],1994-09-24,1493300000,136.44891433601714,[],Released,Tagline,Title 140,4.373066203286786,17227
230000000,"[{'id': 18, 'name': 'Drama'}, {'id': 35, 'name': 'Comedy'}]",,141,[],en,Movie 141,Description,154.73275820935626,[],[],1994-10-07,1575000000,115.42738994665565,[],Released,Tagline,Title 141,6.0144780551550285,17978
189000000,"[{'id': 9648, 'name': 'Mystery'}, {'id': 12, 'name': 'Adventure'}]",,142,[],ko,Movie 142,Description,53.829171774532135,[],[],1994-10-19,872800000,168.71181808710173,[],Released,Tagline,Title 142,4.012767941340319,7044
224000000,"[{'id': 10402, 'name': 'Music'}]",,143,[],en,Movie 143,Description,42.53976415224959,[],[],1994-10-31,2263900000,175.78425607775927,[],Released,Tagline,Title 143,6.556033716628164,12402
282000000,"[{'id': 80, 'name': 'Crime'}, {'id': 10749, 'name': 'Romance'}]",,144,[],es,Movie 144,Description,188.9089657714546,[],[],1994-11-13,1733300000,104.34089528968163,[],Released,Tagline,Title 144,4.966022424409257,10280
120000000,"[{'id': 10752, 'name': 'War'}, {'id': 35, 'name': 'Comedy'}]",,145,[],en,Movie 145,Description,4.841578926855463,[],[],1994-11-25,2953500000,116.62034024543968,[],Released,Tagline,Title 145,8.340733243643284,307
115000000,"[{'id': 28, 'name': 'Action'}]",,146,[],en,Movie 146,Description,193.1123520290225,[],[],1994-12-08,1083500000,139.37322121683945,[],Released,Tagline,Title 146,4.521675264345412,1183
232000000,"[{'id': 53, 'name': 'Thriller'}, {'id': 99, 'name': 'Documentary'}]",,147,[],ko,Movie 147,Description,30.703117500772436,[],[],1994-12-20,2032600000,102.3826195720252,[],Released,Tagline,Title 147,4.007166993235152,18896
258000000,"[{'id': 9648, 'name': 'Mystery'}]",,148,[],en,Movie 148,Description,164.06817827686035,[],[],1995-01-02,921400000,191.4601158504551,[],Released,Tagline,Title 148,6.255730215568802,3411
197000000,"[{'id': 37, 'name': 'Western'}, {'id': 18, 'name': 'Drama'}, {'id': 9648, 'name': 'Mystery'}]",,149,[],ja,Movie 149,Description,55.90858806055252,[],[],1995-01-14,2298800000,150.9600695072898,[],Released,Tagline,Title 149,4.777166519628696,8688
136000000,"[{'id': 10402, 'name': 'Music'}, {'id': 12, 'name': 'Adventure'}]",,150,[],ko,Movie 150,Description,70.78976315871475,[],[],1995-01-26,1543800000,94.54439328460312,[],Released,Tagline,Title 150,7.689931911375808,16692
164000000,"[{'id': 27, 'name': 'Horror'}]",,151,[],en,Movie 151,Description,44.13478455307501,[],[],1995-02-08,2501000000,102.08358376189545,[],Released,Tagline,Title 151,8.599673658906974,13544
224000000,"[{'id': 10749, 'name': 'Romance'}]",,152,[],en,Movie 152,Description,117.51729445373485,[],[],1995-02-20,140400000,194.52264143898134,[],Released,Tagline,Title 152,4.209690071512836,19140
233000000,"[{'id': 10749, 'name': 'Romance'}, {'id': 36, 'name': 'History'}]",,153,[],en,Movie 153,Description,70.27101395406694,[],[],1995-03-05,2420400000,168.58023028359418,[],Released,Tagline,Title 153,5.977910559580484,5950
171000000,"[{'id': 878, 'name': 'Science Fiction'}]",,154,[],en,Movie 154,Description,131.821214859438,[],[],1995-03-17,1989600000,168.1286101405983,[],Released,Tagline,Title 154,8.984074880354749,18920
151000000,"[{'id': 80, 'name': 'Crime'}, {'id': 16, 'name': 'Animation'}, {'id': 12, 'name': 'Adventure'}]",,155,[],en,Movie 155,Description,4.113816270471129,[],[],1995-03-30,1932000000,88.69983128060655,[],Released,Tagline,Title 155,7.663359850003342,12819
159000000,"[{'id': 37, 'name': 'Western'}, {'id': 16, 'name': 'Animation'}, {'id': 10402, 'name': 'Music'}]",,156,[],en,Movie 156,Description,13.810601819492884,[],[],1995-04-11,2126300000,187.43586052507365,[],Released,Tagline,Title 156,8.765938218529035,16617
95000000,"[{'id': 12, 'name': 'Adventure'}, {'id': 10402, 'name': 'Music'}, {'id': 10752, 'name': 'War'}]",,157,[],en,Movie 157,Description,20.83256939351848,[],[],1995-04-23,750700000,133.24824350703256,[],Released,Tagline,Title 157,4.820416426080778,17122
232000000,"[{'id': 99, 'name': 'Documentary'}]",,158,[],en,Movie 158,Description,84.37974337673599,[],[],1995-05-06,2966000000,159.16607871679116,[],Released,Tagline,Title 158,5.106842797459768,1328
179000000,"[{'id': 10751, 'name': 'Family'}, {'id': 35, 'name': 'Comedy'}]",,159,[],en,Movie 159,Description,163.14443835933523,[],[],1995-05-18,759200000,195.16270629368168,[],Released,Tagline,Title 159,4.77405620298413,4119
112000000,"[{'id': 16, 'name': 'Animation'}, {'id': 10749, 'name': 'Romance'}, {'id': 80, 'name': 'Crime'}]",,160,[],en,Movie 160,Description,177.74740416529815,[],[],1995-05-31,2884100000,92.00148564278683,[],Released,Tagline,Title 160,5.511845168879692,9582
51000000,"[{'id': 10752, 'name': 'War'}]",,161,[],en,Movie 161,Description,49.71733727211925,[],[],1995-06-12,1299700000,137.87317513838946,[],Released,Tagline,Title 161,7.621920341645259,14205
267000000,"[{'id': 878, 'name': 'Science Fiction'}]",,162,[],en,Movie 162,Description,115.29957512356378,[],[],1995-06-25,506100000,85.95352839943182,[],Released,Tagline,Title 162,4.824733303790941,18680
294000000,"[{'id': 10751, 'name': 'Family'}, {'id': 28, 'name': 'Action'}, {'id': 10752, 'name': 'War'}]",,163,[],en,Movie 163,Description,153.9046335458275,[],[],1995-07-07,1971800000,139.94545079884585,[],Released,Tagline,Title 163,6.621170189416443,9995
112000000,"[{'id': 10402, 'name': 'Music'}, {'id': 10749, 'name': 'Romance'}, {'id': 878, 'name': 'Science Fiction'}]",,164,[],en,Movie 164,Description,58.47705655400213,[],[],1995-07-19,1506300000,110.27112925850852,[],Released,Tagline,Title 164,5.346049595571991,14235
100000000,"[{'id': 18, 'name': 'Drama'}, {'id': 27, 'name': 'Horror'}, {'id': 28, 'name': 'Action'}]",,165,[],en,Movie 165,Description,82.39253961051837,[],[],1995-08-01,160300000,189.3278635128645,[],Released,Tagline,Title 165,8.145978895684577,16345
112000000,"[{'id': 10752, 'name': 'War'}]",,166,[],en,Movie 166,Description,105.27086633445707,[],[],1995-08-13,2480500000,127.81909931277042,[],Released,Tagline,Title 166,4.032962026694695,10487
80000000,"[{'id': 10751, 'name': 'Family'}, {'id': 10402, 'name': 'Music'}, {'id': 14, 'name': 'Fantasy'}]",,167,[],es,Movie 167,Description,27.840094435201493,[],[],1995-08-26,1347300000,156.0646935262495,[],Released,Tagline,Title 167,5.115574792693334,17459
186000000,"[{'id': 27, 'name': 'Horror'}, {'id': 16, 'name': 'Animation'}]",,168,[],en,Movie 168,Description,6.170476451430282,[],[],1995-09-07,2909900000,183.23447177774588,[],Released,Tagline,Title 168,7.02620378786091,15004
112000000,"[{'id': 18, 'name': 'Drama'}]",,169,[],en,Movie 169,Description,31.408356054338366,[],[],1995-09-20,2879400000,198.04302301006118,[],Released,Tagline,Title 169,4.483552509869213,6221
1000000,"[{'id': 27, 'name': 'Horror'}, {'id': 80, 'name': 'Crime'}]",,170,[],ko,Movie 170,Description,125.74387062945314,[],[],1995-10-02,219700000,140.45832443942552,[],Released,Tagline,Title 170,6.331561079729948,1128
129000000,"[{'id': 99, 'name': 'Documentary'}, {'id': 37, 'name': 'Western'}, {'id': 10752, 'name': 'War'}]",,171,[],es,Movie 171,Description,15.650034045202652,[],[],1995-10-15,1109200000,134.69092434337472,[],Released,Tagline,Title 171,6.181036482411848,17009
219000000,"[{'id': 35, 'name': 'Comedy'}, {'id': 27, 'name': 'Horror'}, {'id': 16, 'name': 'Animation'}]",,172,[],en,Movie 172,Description,38.749576605175534,[],[],1995-10-27,1504100000,89.08875743557505,[],Released,Tagline,Title 172,8.26261503410882,2427
53000000,"[{'id': 27, 'name': 'Horror'}, {'id': 37, 'name': 'Western'}, {'id': 9648, 'name': 'Mystery'}]",,173,[],en,Movie 173,Description,68.23292325336544,[],[],1995-11-08,1649500000,81.5286732004658,[],Released,Tagline,Title 173,7.126985965834066,19030
223000000,"[{'id': 10749, 'name': 'Romance'}, {'id': 10752, 'name': 'War'}]",,174,[],en,Movie 174,Description,16.4961427969669,[],[],1995-11-21,1601700000,153.05625109981952,[],Released,Tagline,Title 174,7.198510310795513,17319
224000000,"[{'id': 12, 'name': 'Adventure'}, {'id': 878, 'name': 'Science Fiction'}, {'id': 10751, 'name': 'Family'}]",,175,[],en,Movie 175,Description,39.148154961165254,[],[],1995-12-03,2582100000,87.85572225771752,[],Released,Tagline,Title 175,8.75903800894583,2583
125000000,"[{'id': 37, 'name': 'Western'}, {'id': 16, 'name': 'Animation'}, {'id': 53, 'name': 'Thriller'}]",,176,[],ko,Movie 176,Description,182.3426880077187,[],[],1995-12-16,602400000,125.64547244461679,[],Released,Tagline,Title 176,8.911801876616876,2834
129000000,"[{'id': 12, 'name': 'Adventure'}, {'id': 10749, 'name': 'Romance'}]",,177,[],en,Movie 177,Description,4.840527313169968,[],[],1995-12-28,2054400000,80.43277233277539,[],Released,Tagline,Title 177,7.266973660764193,9830
52000000,"[{'id': 14, 'name': 'Fantasy'}, {'id': 80, 'name': 'Crime'}, {'id': 36, 'name': 'History'}]",,178,[],ko,Movie 178,Description,131.03295291069807,[],[],1996-01-10,2726200000,153.8272998758805,[],Released,Tagline,Title 178,6.610007250760271,10202
171000000,"[{'id': 12, 'name': 'Adventure'}, {'id': 36, 'name': 'History'}, {'id': 37, 'name': 'Western'}]",,179,[],en,Movie 179,Description,77.4973772521218,[],[],1996-01-22,2837800000,131.04981925285955,[],Released,Tagline,Title 179,7.039600292324399,7404
217000000,"[{'id': 36, 'name': 'History'}, {'id': 28, 'name': 'Action'}]",,180,[],ko,Movie 180,Description,134.85709914704185,[],[],1996-02-03,386800000,95.24249237435454,[],Released,Tagline,Title 180,5.912218525270802,4149
159000000,"[{'id': 16, 'name': 'Animation'}, {'id': 10752, 'name': 'War'}, {'id': 12, 'name': 'Adventure'}]",,181,[],en,Movie 181,Description,118.1496523523175,[],[],1996-02-16,957000000,115.56411282089866,[],Released,Tagline,Title 181,8.937283084800388,15047
197000000,"[{'id': 36, 'name': 'History'}, {'id': 10751, 'name': 'Family'}]",,182,[],en,Movie 182,Description,45.47625211657421,[],[],1996-02-28,764200000,148.35928387663094,[],Released,Tagline,Title 182,7.525106297484294,9595
246000000,"[{'id': 878, 'name': 'Science Fiction'}]",,183,[],en,Movie 183,Description,169.59468802710433,[],[],1996-03-12,500500000,158.80560416119724,[],Released,Tagline,Title 183,5.455033971895823,492
202000000,"[{'id': 28, 'name': 'Action'}]",,184,[],en,Movie 184,Description,98.89613613926198,[],[],1996-03-24,996400000,135.4803055596136,[],Released,Tagline,Title 184,4.288831494860342,11876
183000000,"[{'id': 10751, 'name': 'Family'}, {'id': 28, 'name': 'Action'}, {'id': 9648, 'name': 'Mystery'}]",,185,[],en,Movie 185,Description,164.68466776378088,[],[],1996-04-06,1379700000,176.4750939309135,[],Released,Tagline,Title 185,4.223609645759839,10967
122000000,"[{'id': 9648, 'name': 'Mystery'}, {'id': 18, 'name': 'Drama'}]",,186,[],es,Movie 186,Description,81.79649470145561,[],[],1996-04-18,820500000,93.49284940435828,[],Released,Tagline,Title 186,5.0245649026326955,2566
254000000,"[{'id': 80, 'name': 'Crime'}, {'id': 37, 'name': 'Western'}, {'id': 99, 'name': 'Documentary'}]",,187,[],en,Movie 187,Description,196.95242522913256,[],[],1996-04-30,707800000,90.14548671348894,[],Released,Tagline,Title 187,5.164565271265558,1325
293000000,"[{'id': 18, 'name': 'Drama'}]",,188,[],de,Movie 188,Description,154.32738234175795,[],[],1996-05-13,2984900000,85.309312282137,[],Released,Tagline,Title 188,6.0752274697695015,15087
279000000,"[{'id': 10402, 'name': 'Music'}, {'id': 10752, 'name': 'War'}, {'id': 99, 'name': 'Documentary'}]",,189,[],en,Movie 189,Description,193.22409081740213,[],[],1996-05-25,1252700000,144.29934073393306,[],Released,Tagline,Title 189,5.07423005818127,19189
97000000,"[{'id': 18, 'name': 'Drama'}, {'id': 10749, 'name': 'Romance'}, {'id': 37, 'name': 'Western'}]",,190,[],en,Movie 190,Description,103.3509693030619,[],[],1996-06-07,326200000,164.74780450813495,[],Released,Tagline,Title 190,7.154552154308723,561
197000000,"[{'id': 10752, 'name': 'War'}, {'id': 27, 'name': 'Horror'}, {'id': 80, 'name': 'Crime'}]",,191,[],ko,Movie 191,Description,95.2645353258494,[],[],1996-06-19,1704700000,95.66256793070357,[],Released,Tagline,Title 191,5.056273654052909,10093
239000000,"[{'id': 10751, 'name': 'Family'}, {'id': 35, 'name': 'Comedy'}]",,192,[],en,Movie 192,Description,151.3353080557263,[],[],1996-07-02,1339800000,156.67347462264712,[],Released,Tagline,Title 192,4.9393826947057295,11565
143000000,"[{'id': 10749, 'name': 'Romance'}, {'id': 53, 'name': 'Thriller'}]",,193,[],en,Movie 193,Description,176.1779613396726,[],[],1996-07-14,2766900000,137.23373194274416,[],Released,Tagline,Title 193,6.35618496400185,16635
96000000,"[{'id': 878, 'name': 'Science Fiction'}, {'id': 36, 'name': 'History'}]",,194,[],en,Movie 194,Description,192.86501337724604,[],[],1996-07-26,2527000000,198.48134001813384,[],Released,Tagline,Title 194,8.443342996619094,10561
200000000,"[{'id': 37, 'name': 'Western'}]",,195,[],en,Movie 195,Description,65.58582930046745,[],[],1996-08-08,339100000,166.09683311196937,[],Released,Tagline,Title 195,6.3415274368931716,12466
123000000,"[{'id': 16, 'name': 'Animation'}]",,196,[],ko,Movie 196,Description,159.94221019468515,[],[],1996-08-20,2575800000,158.89680022299513,[],Released,Tagline,Title 196,6.069243722860835,1885
186000000,"[{'id': 10751, 'name': 'Family'}, {'id': 10402, 'name': 'Music'}, {'id': 12, 'name': 'Adventure'}]",,197,[],en,Movie 197,Description,42.9184739294718,[],[],1996-09-02,1940300000,148.45396818468134,[],Released,Tagline,Title 197,6.8904745372985445,6342
258000000,"[{'id': 27, 'name': 'Horror'}]",,198,[],en,Movie 198,Description,109.56929500234361,[],[],1996-09-14,1530000000,199.68394178596446,[],Released,Tagline,Title 198,5.286068393758143,14412
147000000,"[{'id': 80, 'name': 'Crime'}, {'id': 18, 'name': 'Drama'}]",,199,[],ja,Movie 199,Description,36.789781533430634,[],[],1996-09-27,2608100000,197.6551005025493,[],Released,Tagline,Title 199,5.767182772452172,6456
251000000,"[{'id': 18, 'name': 'Drama'}, {'id': 80, 'name': 'Crime'}, {'id': 35, 'name': 'Comedy'}]",,200,[],en,Movie 200,Description,70.13207498831743,[],[],1996-10-09,190300000,144.5738150593426,[],Released,Tagline,Title 200,5.069176278335653,19944
146000000,"[{'id': 99, 'name': 'Documentary'}, {'id': 35, 'name': 'Comedy'}]",,201,[],en,Movie 201,Description,186.3403150740854,[],[],1996-10-21,2055600000,134.6220016801114,[],Released,Tagline,Title 201,6.8590499730384185,18320
147000000,"[{'id': 10751, 'name': 'Family'}, {'id': 99, 'name': 'Documentary'}]",,202,[],ko,Movie 202,Description,30.07204925484413,[],[],1996-11-03,1671300000,135.45379072421028,[],Released,Tagline,Title 202,7.486937807846076,9689
198000000,"[{'id': 35, 'name': 'Comedy'}]",,203,[],en,Movie 203,Description,126.84777813190411,[],[],1996-11-15,963200000,131.40108683880388,[],Released,Tagline,Title 203,7.368493204952859,1593
127000000,"[{'id': 16, 'name': 'Animation'}, {'id': 10752, 'name': 'War'}]",,204,[],es,Movie 204,Description,118.99790031255326,[],[],1996-11-28,1556300000,143.76779683955866,[],Released,Tagline,Title 204,5.274089089823809,18032
38000000,"[{'id': 28, 'name': 'Action'}, {'id': 10749, 'name': 'Romance'}]",,205,[],en,Movie 205,Description,25.02693218908831,[],[],1996-12-10,1354100000,112.83011213772448,[],Released,Tagline,Title 205,7.898241028739835,5263
128000000,"[{'id': 16, 'name': 'Animation'}, {'id': 36, 'name': 'History'}, {'id': 99, 'name': 'Documentary'}]",,206,[],es,Movie 206,Description,65.86982970999362,[],[],1996-12-23,2268000000,191.21465397373117,[],Released,Tagline,Title 206,5.279768326249651,9712
266000000,"[{'id': 12, 'name': 'Adventure'}, {'id': 878, 'name': 'Science Fiction'}]",,207,[],ko,Movie 207,Description,113.03331939853788,[],[],1997-01-04,384700000,138.82760977543222,[],Released,Tagline,Title 207,4.751557756338815,14397
150000000,"[{'id': 10749, 'name': 'Romance'}, {'id': 28, 'name': 'Action'}]",,208,[],en,Movie 208,Description,38.24854318870956,[],[],1997-01-16,1236000000,181.0409374206331,[],Released,Tagline,Title 208,5.749043743435972,5804
297000000,"[{'id': 80, 'name': 'Crime'}]",,209,[],en,Movie 209,Description,160.32410762615027,[],[],1997-01-29,1660900000,137.03644096011442,[],Released,Tagline,Title 209,6.9887204458544145,6788
98000000,"[{'id': 27, 'name': 'Horror'}, {'id': 10751, 'name': 'Family'}]",,210,[],en,Movie 210,Description,194.45914539741523,[],[],1997-02-10,252100000,166.19483286922915,[],Released,Tagline,Title 210,4.71000909402199,15935
262000000,"[{'id': 53, 'name': 'Thriller'}, {'id': 12, 'name': 'Adventure'}, {'id': 27, 'name': 'Horror'}]",,211,[],fr,Movie 211,Description,43.73712059253194,[],[],1997-02-23,806500000,120.4258357371896,[],Released,Tagline,Title 211,7.240435560542281,18547
251000000,"[{'id': 878, 'name': 'Science Fiction'}, {'id': 28, 'name': 'Action'}]",,212,[],en,Movie 212,Description,38.19548099332461,[],[],1997-03-07,2009900000,154.97682292799126,[],Released,Tagline,Title 212,8.315339981267455,18504
143000000,"[{'id': 878, 'name': 'Science Fiction'}, {'id': 12, 'name': 'Adventure'}]",,213,[],en,Movie 213,Description,91.53207928769149,[],[],1997-03-20,1879200000,139.8045734541103,[],Released,Tagline,Title 213,5.465702551290352,10441
111000000,"[{'id': 36, 'name': 'History'}, {'id': 10752, 'name': 'War'}, {'id': 14, 'name': 'Fantasy'}]",,214,[],en,Movie 214,Description,149.8052901508664,[],[],1997-04-01,668400000,124.05371078403319,[],Released,Tagline,Title 214,6.251033080575597,7453
59000000,"[{'id': 80, 'name': 'Crime'}]",,215,[],ko,Movie 215,Description,57.03852143681503,[],[],1997-04-13,1719500000,185.7867513281601,[],Released,Tagline,Title 215,5.141552128125891,9242
1000000,"[{'id': 27, 'name': 'Horror'}, {'id': 9648, 'name': 'Mystery'}, {'id': 10751, 'name': 'Family'}]",,216,[],en,Movie 216,Description,4.9561018307588,[],[],1997-04-26,2313700000,93.52540192986908,[],Released,Tagline,Title 216,5.806308645351974,15366
253000000,"[{'id': 35, 'name': 'Comedy'}, {'id': 9648, 'name': 'Mystery'}]",,217,[],en,Movie 217,Description,108.7029049785459,[],[],1997-05-08,311800000,138.43077779829324,[],Released,Tagline,Title 217,4.109852854012537,8316
139000000,"[{'id': 18, 'name': 'Drama'}]",,218,[],en,Movie 218,Description,191.36351298569423,[],[],1997-05-21,2115800000,103.32428879193641,[],Released,Tagline,Title 218,8.768846981064137,16032
36000000,"[{'id': 10749, 'name': 'Romance'}, {'id': 27, 'name': 'Horror'}]",,219,[],en,Movie 219,Description,78.86409422598217,[],[],1997-06-02,1560500000,183.32661094611097,[],Released,Tagline,Title 219,6.079451066060976,12117
159000000,"[{'id': 10749, 'name': 'Romance'}]",,220,[],en,Movie 220,Description,84.60677628243698,[],[],1997-06-15,1967500000,110.41632136587961,[],Released,Tagline,Title 220,7.944350549090402,669
8000000,"[{'id': 10752, 'name': 'War'}]",,221,[],en,Movie 221,Description,193.81144170569354,[],[],1997-06-27,1257900000,156.01164081341858,[],Released,Tagline,Title 221,4.713217186782548,5212
232000000,"[{'id': 878, 'name': 'Science Fiction'}, {'id': 28, 'name': 'Action'}]",,222,[],ko,Movie 222,Description,139.22691471371894,[],[],1997-07-09,225200000,99.86762181024248,[],Released,Tagline,Title 222,8.061775220501994,1455
98000000,"[{'id': 9648, 'name': 'Mystery'}, {'id': 16, 'name': 'Animation'}]",,223,[],ko,Movie 223,Description,144.11521264558291,[],[],1997-07-22,1351400000,128.5896403365004,[],Released,Tagline,Title 223,8.300736554811005,8156
146000000,"[{'id': 14, 'name': 'Fantasy'}]",,224,[],en,Movie 224,Description,112.97769906884245,[],[],1997-08-03,466200000,187.92286347792373,[],Released,Tagline,Title 224,7.5773856434383955,16186
207000000,"[{'id': 10749, 'name': 'Romance'}]",,225,[],en,Movie 225,Description,194.9472329617851,[],[],1997-08-16,2710600000,99.92773332823285,[],Released,Tagline,Title 225,8.516041624917026,17314
130000000,"[{'id': 99, 'name': 'Documentary'}, {'id': 10749, 'name': 'Romance'}]",,226,[],en,Movie 226,Description,138.08443040068568,[],[],1997-08-28,1410400000,159.58349904180076,[],Released,Tagline,Title 226,4.8359856473406815,14320
151000000,"[{'id': 10752, 'name': 'War'}, {'id': 10402, 'name': 'Music'}]",,227,[],en,Movie 227,Description,179.11151756942874,[],[],1997-09-10,2099100000,104.54124446671457,[],Released,Tagline,Title 227,6.3824091439431,14598
53000000,"[{'id': 12, 'name': 'Adventure'}]",,228,[],en,Movie 228,Description,140.176394280911,[],[],1997-09-22,2550000000,129.8898863038599,[],Released,Tagline,Title 228,7.100547660080786,934
119000000,"[{'id': 28, 'name': 'Action'}, {'id': 27, 'name': 'Horror'}]",,229,[],en,Movie 229,Description,147.2880491432388,[],[],1997-10-04,642200000,144.8740261249519,[],Released,Tagline,Title 229,6.9809648534874365,11408
160000000,"[{'id': 27, 'name': 'Horror'}]",,230,[],en,Movie 230,Description,58.79177350630705,[],[],1997-10-17,1943700000,149.27677018276972,[],Released,Tagline,Title 230,8.30520467263149,1069
115000000,"[{'id': 37, 'name': 'Western'}, {'id': 10749, 'name': 'Romance'}]",,231,[],de,Movie 231,Description,61.39226090474998,[],[],1997-10-29,2459200000,152.30136050637864,[],Released,Tagline,Title 231,5.078456839864428,692
74000000,"[{'id': 16, 'name': 'Animation'}]",,232,[],fr,Movie 232,Description,156.8139452656298,[],[],1997-11-11,2817300000,156.81576984691065,[],Released,Tagline,Title 232,4.878219162694332,354
112000000,"[{'id': 10752, 'name': 'War'}, {'id': 99, 'name': 'Documentary'}]",,233,[],en,Movie 233,Description,60.04455154481002,[],[],1997-11-23,2698000000,112.6122437208557,[],Released,Tagline,Title 233,5.266892974289757,10406
103000000,"[{'id': 9648, 'name': 'Mystery'}, {'id': 53, 'name': 'Thriller'}, {'id': 36, 'name': 'History'}]",,234,[],en,Movie 234,Description,112.99124408950479,[],[],1997-12-06,2083600000,128.16409828605907,[],Released,Tagline,Title 234,8.457750247064354,2761
253000000,"[{'id': 99, 'name': 'Documentary'}]",,235,[],ko,Movie 235,Description,50.62110987043369,[],[],1997-12-18,492600000,84.47823962900773,[],Released,Tagline,Title 235,8.705135413287874,15409
226000000,"[{'id': 878, 'name': 'Science Fiction'}]",,236,[],ko,Movie 236,Description,163.5796927810048,[],[],1997-12-30,1220300000,172.25083718376501,[],Released,Tagline,Title 236,6.848150521349986,8894
111000000,"[{'id': 10749, 'name': 'Romance'}, {'id': 878, 'name': 'Science Fiction'}, {'id': 14, 'name': 'Fantasy'}]",,237,[],en,Movie 237,Description,22.98976889431031,[],[],1998-01-12,264700000,180.4519402146683,[],Released,Tagline,Title 237,6.506859672852599,18323
98000000,"[{'id': 10402, 'name': 'Music'}]",,238,[],en,Movie 238,Description,166.05988131257124,[],[],1998-01-24,2567800000,103.90841161826546,[],Released,Tagline,Title 238,7.026928040063282,6005
152000000,"[{'id': 80, 'name': 'Crime'}, {'id': 10752, 'name': 'War'}, {'id': 18, 'name': 'Drama'}]",,239,[],en,Movie 239,Description,120.94323030101276,[],[],1998-02-06,2755200000,104.17327575556182,[],Released,Tagline,Title 239,7.08153824923347,2531
193000000,"[{'id': 10402, 'name': 'Music'}, {'id': 18, 'name': 'Drama'}, {'id': 28, 'name': 'Action'}]",,240,[],en,Movie 240,Description,38.19499743058838,[],[],1998-02-18,2566700000,85.04436826285048,[],Released,Tagline,Title 240,4.851523524717479,7856
162000000,"[{'id': 28, 'name': 'Action'}, {'id': 10751, 'name': 'Family'}]",,241,[],en,Movie 241,Description,108.86504171571752,[],[],1998-03-03,1929100000,196.4460587350985,[],Released,Tagline,Title 241,7.432054408115651,5453
207000000,"[{'id': 18, 'name': 'Drama'}, {'id': 9648, 'name': 'Mystery'}, {'id': 10751, 'name': 'Family'}]",,242,[],en,Movie 242,Description,57.21726853262075,[],[],1998-03-15,1813100000,176.8623881740675,[],Released,Tagline,Title 242,6.261755511742128,17449
168000000,"[{'id': 18, 'name': 'Drama'}, {'id': 12, 'name': 'Adventure'}]",,243,[],en,Movie 243,Description,65.36999961136883,[],[],1998-03-27,431000000,123.28438434872385,[],Released,Tagline,Title 243,6.586909794240226,1837
160000000,"[{'id': 53, 'name': 'Thriller'}, {'id': 27, 'name': 'Horror'}, {'id': 10749, 'name': 'Romance'}]",,244,[],en,Movie 244,Description,70.95408027777918,[],[],1998-04-09,2629700000,137.82899257637905,[],Released,Tagline,Title 244,4.151583021675777,16968
67000000,"[{'id': 36, 'name': 'History'}]",,245,[],en,Movie 245,Description,13.600530147491867,[],[],1998-04-21,1683300000,115.03603527810424,[],Released,Tagline,Title 245,7.822783162655152,12426
288000000,"[{'id': 27, 'name': 'Horror'}]",,246,[],ko,Movie 246,Description,197.20637519588206,[],[],1998-05-04,1939700000,151.66927619865012,[],Released,Tagline,Title 246,8.177139806339408,13011
276000000,"[{'id': 27, 'name': 'Horror'}]",,247,[],en,Movie 247,Description,7.275390998113595,[],[],1998-05-16,2808100000,166.077009480021,[],Released,Tagline,Title 247,7.097107769672733,18511
134000000,"[{'id': 18, 'name': 'Drama'}, {'id': 36, 'name': 'History'}]",,248,[],en,Movie 248,Description,132.8368777636714,[],[],1998-05-29,1795300000,133.68421735902464,[],Released,Tagline,Title 248,7.743618176483313,5313
194000000,"[{'id': 14, 'name': 'Fantasy'}, {'id': 10402, 'name': 'Music'}, {'id': 10751, 'name': 'Family'}]",,249,[],en,Movie 249,Description,74.87430190372868,[],[],1998-06-10,2776300000,184.8313031949948,[],Released,Tagline,Title 249,6.61353001586051,6327
127000000,"[{'id': 18, 'name': 'Drama'}, {'id': 14, 'name': 'Fantasy'}, {'id': 99, 'name': 'Documentary'}]",,250,[],en,Movie 250,Description,129.55604789839308,[],[],1998-06-22,1987600000,142.0431034662572,[],Released,Tagline,Title 250,7.091766894892778,11379
32000000,"[{'id': 27, 'name': 'Horror'}, {'id': 14, 'name': 'Fantasy'}, {'id': 12, 'name': 'Adventure'}]",,251,[],en,Movie 251,Description,71.89340236442918,[],[],1998-07-05,2712300000,97.3103922893373,[],Released,Tagline,Title 251,5.972858492316193,15936
175000000,"[{'id': 53, 'name': 'Thriller'}]",,252,[],en,Movie 252,Description,135.07637860551287,[],[],1998-07-17,2938200000,154.674965100517,[],Released,Tagline,Title 252,7.959371325312563,8896
21000000,"[{'id': 35, 'name': 'Comedy'}, {'id': 16, 'name': 'Animation'}, {'id': 28, 'name': 'Action'}]",,253,[],en,Movie 253,Description,146.1178663842038,[],[],1998-07-30,1266800000,135.4677159089363,[],Released,Tagline,Title 253,6.3413546513224635,16451
237000000,"[{'id': 9648, 'name': 'Mystery'}, {'id': 28, 'name': 'Action'}]",,254,[],en,Movie 254,Description,138.4199754395293,[],[],1998-08-11,731100000,192.2806235698071,[],Released,Tagline,Title 254,7.401064522094413,17452
157000000,"[{'id': 18, 'name': 'Drama'}, {'id': 12, 'name': 'Adventure'}, {'id': 10749, 'name': 'Romance'}]",,255,[],en,Movie 255,Description,23.678434290272303,[],[],1998-08-24,2326800000,127.02727051230961,[],Released,Tagline,Title 255,7.107146893097523,16920
37000000,"[{'id': 10751, 'name': 'Family'}, {'id': 35, 'name': 'Comedy'}, {'id': 10752, 'name': 'War'}]",,256,[],fr,Movie 256,Description,131.72175369628224,[],[],1998-09-05,1496800000,128.34388869801248,[],Released,Tagline,Title 256,7.511572591928749,11066
229000000,"[{'id': 99, 'name': 'Documentary'}, {'id': 80, 'name': 'Crime'}, {'id': 37, 'name': 'Western'}]",,257,[],en,Movie 257,Description,56.71752234136537,[],[],1998-09-17,2236900000,158.09280677379323,[],Released,Tagline,Title 257,7.9260793756261165,14067
50000000,"[{'id': 10751, 'name': 'Family'}, {'id': 10752, 'name': 'War'}, {'id': 16, 'name': 'Animation'}]",,258,[],en,Movie 258,Description,6.73147274329737,[],[],1998-09-30,924000000,143.23834619917136,[],Released,Tagline,Title 258,6.5635674079649755,1909
263000000,"[{'id': 53, 'name': 'Thriller'}]",,259,[],en,Movie 259,Description,83.55130370590183,[],[],1998-10-12,2921100000,124.93398530461218,[],Released,Tagline,Title 259,8.065329746278344,6646
282000000,"[{'id': 16, 'name': 'Animation'}, {'id': 14, 'name': 'Fantasy'}, {'id': 10749, 'name': 'Romance'}]",,260,[],en,Movie 260,Description,87.27507745795641,[],[],1998-10-25,708900000,198.77292988161074,[],Released,Tagline,Title 260,6.486286186358045,8207
26000000,"[{'id': 9648, 'name': 'Mystery'}, {'id': 12, 'name': 'Adventure'}, {'id': 28, 'name': 'Action'}]",,261,[],en,Movie 261,Description,93.96765253713686,[],[],1998-11-06,2942500000,116.26226119993002,[],Released,Tagline,Title 261,8.783171614319684,5605
225000000,"[{'id': 14, 'name': 'Fantasy'}]",,262,[],en,Movie 262,Description,141.26000891275254,[],[],1998-11-19,1282300000,113.30345503820342,[],Released,Tagline,Title 262,7.7633587430739714,5357
276000000,"[{'id': 80, 'name': 'Crime'}, {'id': 10402, 'name': 'Music'}]",,263,[],ko,Movie 263,Description,62.45991801934937,[],[],1998-12-01,2115300000,183.73131542265241,[],Released,Tagline,Title 263,4.855708248730321,15151
285000000,"[{'id': 10752, 'name': 'War'}]",,264,[],ko,Movie 264,Description,63.74082210768059,[],[],1998-12-13,1744900000,80.40475322606666,[],Released,Tagline,Title 264,8.147922356817157,5009
96000000,"[{'id': 99, 'name': 'Documentary'}, {'id': 14, 'name': 'Fantasy'}, {'id': 878, 'name': 'Science Fiction'}]",,265,[],en,Movie 265,Description,13.049898992010858,[],[],1998-12-26,382200000,104.15037930858892,[],Released,Tagline,Title 265,6.75793830403317,14966
283000000,"[{'id': 878, 'name': 'Science Fiction'}, {'id': 9648, 'name': 'Mystery'}]",,266,[],ja,Movie 266,Description,137.67742198246688,[],[],1999-01-07,2514400000,150.85360259143715,[],Released,Tagline,Title 266,8.922304789869326,10121
146000000,"[{'id': 18, 'name': 'Drama'}, {'id': 53, 'name': 'Thriller'}]",,267,[],en,Movie 267,Description,113.99739218851721,[],[],1999-01-20,143700000,99.49406334135978,[],Released,Tagline,Title 267,7.594095218367636,15458
3000000,"[{'id': 16, 'name': 'Animation'}, {'id': 18, 'name': 'Drama'}]",,268,[],ko,Movie 268,Description,70.53559742606383,[],[],1999-02-01,2908700000,198.2964707268306,[],Released,Tagline,Title 268,4.421953732850955,561
34000000,"[{'id': 80, 'name': 'Crime'}, {'id': 18, 'name': 'Drama'}, {'id': 99, 'name': 'Documentary'}]",,269,[],en,Movie 269,Description,141.33260680455356,[],[],1999-02-14,2912100000,135.70347469059573,[],Released,Tagline,Title 269,5.974802138051744,15832
191000000,"[{'id': 28, 'name': 'Action'}, {'id': 16, 'name': 'Animation'}, {'id': 36, 'name': 'History'}]",,270,[],en,Movie 270,Description,107.93419209614856,[],[],1999-02-26,1289800000,151.6836889952661,[],Released,Tagline,Title 270,6.586377013366333,3333
48000000,"[{'id': 878, 'name': 'Science Fiction'}, {'id': 36, 'name': 'History'}]",,271,[],en,Movie 271,Description,94.3797442282374,[],[],1999-03-10,2728200000,99.24481581262317,[],Released,Tagline,Title 271,8.19506801579901,12228
16000000,"[{'id': 9648, 'name': 'Mystery'}]",,272,[],en,Movie 272,Description,102.75358418856416,[],[],1999-03-23,2248200000,114.72537210463133,[],Released,Tagline,Title 272,7.646727671648863,5302
171000000,"[{'id': 99, 'name': 'Documentary'}, {'id': 14, 'name': 'Fantasy'}, {'id': 10752, 'name': 'War'}]",,273,[],fr,Movie 273,Description,127.63327692814426,[],[],1999-04-04,1886800000,153.75497392152988,[],Released,Tagline,Title 273,5.846800353058194,3039
219000000,"[{'id': 36, 'name': 'History'}, {'id': 37, 'name': 'Western'}]",,274,[],ko,Movie 274,Description,132.3405183103453,[],[],1999-04-17,772000000,145.9464047943677,[],Released,Tagline,Title 274,7.267163437513145,15297
157000000,"[{'id': 10752, 'name': 'War'}, {'id': 80, 'name': 'Crime'}, {'id': 12, 'name': 'Adventure'}]",,275,[],en,Movie 275,Description,58.50260600900272,[],[],1999-04-29,2118500000,174.12367345293993,[],Released,Tagline,Title 275,6.884554539491896,13822
45000000,"[{'id': 878, 'name': 'Science Fiction'}, {'id': 53, 'name': 'Thriller'}, {'id': 36, 'name': 'History'}]",,276,[],fr,Movie 276,Description,29.007929314839494,[],[],1999-05-12,2276700000,112.30798142891794,[],Released,Tagline,Title 276,4.630263044762034,13098
5000000,"[{'id': 37, 'name': 'Western'}]",,277,[],de,Movie 277,Description,32.17020205691323,[],[],1999-05-24,2973800000,158.42505760478406,[],Released,Tagline,Title 277,5.174293464993003,16572
98000000,"[{'id': 80, 'name': 'Crime'}, {'id': 28, 'name': 'Action'}]",,278,[],en,Movie 278,Description,128.23878629469732,[],[],1999-06-05,2121400000,114.91706068986386,[],Released,Tagline,Title 278,5.705611563571572,18147
232000000,"[{'id': 10402, 'name': 'Music'}, {'id': 10752, 'name': 'War'}, {'id': 14, 'name': 'Fantasy'}]",,279,[],en,Movie 279,Description,174.70178386765807,[],[],1999-06-18,2835600000,150.41031436953443,[],Released,Tagline,Title 279,4.977417031817515,3401
36000000,"[{'id': 35, 'name': 'Comedy'}]",,280,[],en,Movie 280,Description,82.4897593907648,[],[],1999-06-30,2947200000,152.60371612222502,[],Released,Tagline,Title 280,4.750669229150128,15740
279000000,"[{'id': 10402, 'name': 'Music'}]",,281,[],en,Movie 281,Description,34.73451190556301,[],[],1999-07-13,2253800000,94.62069336253865,[],Released,Tagline,Title 281,4.290988850651435,16905
180000000,"[{'id': 80, 'name': 'Crime'}, {'id': 14, 'name': 'Fantasy'}]",,282,[],en,Movie 282,Description,151.56389716047707,[],[],1999-07-25,279500000,145.83597328235192,[],Released,Tagline,Title 282,8.36551282804465,16231
94000000,"[{'id': 878, 'name': 'Science Fiction'}, {'id': 10751, 'name': 'Family'}]",,283,[],en,Movie 283,Description,166.66540540947025,[],[],1999-08-07,2643700000,81.4325959945019,[],Released,Tagline,Title 283,5.444717089824268,4533
98000000,"[{'id': 10749, 'name': 'Romance'}]",,284,[],en,Movie 284,Description,176.23590618107235,[],[],1999-08-19,1152900000,140.14529016496297,[],Released,Tagline,Title 284,5.4516030196678305,365
187000000,"[{'id': 878, 'name': 'Science Fiction'}, {'id': 10751, 'name': 'Family'}, {'id': 53, 'name': 'Thriller'}]",,285,[],en,Movie 285,Description,121.75945435383291,[],[],1999-08-31,2399700000,163.702626632969,[],Released,Tagline,Title 285,5.031140687150778,2950
115000000,"[{'id': 9648, 'name': 'Mystery'}, {'id': 14, 'name': 'Fantasy'}]",,286,[],ko,Movie 286,Description,172.28498331822885,[],[],1999-09-13,1008300000,88.73992747879865,[],Released,Tagline,Title 286,6.376986859319414,1478
190000000,"[{'id': 18, 'name': 'Drama'}, {'id': 9648, 'name': 'Mystery'}]",,287,[],en,Movie 287,Description,4.067576731233128,[],[],1999-09-25,1301900000,192.64529797004326,[],Released,Tagline,Title 287,6.571209839611862,6603
252000000,"[{'id': 16, 'name': 'Animation'}, {'id': 10749, 'name': 'Romance'}, {'id': 53, 'name': 'Thriller'}]",,288,[],en,Movie 288,Description,22.33992455213518,[],[],1999-10-08,2886800000,135.05066383873452,[],Released,Tagline,Title 288,5.0414067931254,7257
160000000,"[{'id': 10751, 'name': 'Family'}, {'id': 53, 'name': 'Thriller'}, {'id': 878, 'name': 'Science Fiction'}]",,289,[],en,Movie 289,Description,19.42263734336765,[],[],1999-10-20,1748200000,192.60995307488741,[],Released,Tagline,Title 289,7.042851689318253,10106
255000000,"[{'id': 37, 'name': 'Western'}, {'id': 28, 'name': 'Action'}]",,290,[],en,Movie 290,Description,142.80833216669186,[],[],1999-11-02,1802300000,92.8878108429359,[],Released,Tagline,Title 290,7.614999797968745,949
127000000,"[{'id': 10751, 'name': 'Family'}]",,291,[],en,Movie 291,Description,14.846774925172225,[],[],1999-11-14,1558500000,193.98831133034417,[],Released,Tagline,Title 291,5.869200429827259,4914
17000000,"[{'id': 14, 'name': 'Fantasy'}, {'id': 80, 'name': 'Crime'}]",,292,[],en,Movie 292,Description,99.77651012079511,[],[],1999-11-26,985100000,93.10365193104161,[],Released,Tagline,Title 292,6.927258484287194,10100
280000000,"[{'id': 878, 'name': 'Science Fiction'}]",,293,[],en,Movie 293,Description,95.06867282862153,[],[],1999-12-09,2570200000,135.37949581416032,[],Released,Tagline,Title 293,6.511509525822231,15388
222000000,"[{'id': 878, 'name': 'Science Fiction'}, {'id': 10402, 'name': 'Music'}, {'id': 18, 'name': 'Drama'}]",,294,[],en,Movie 294,Description,62.830001188089945,[],[],1999-12-21,845600000,192.55904800722388,[],Released,Tagline,Title 294,4.977741991780511,3374
53000000,"[{'id': 37, 'name': 'Western'}, {'id': 53, 'name': 'Thriller'}]",,295,[],en,Movie 295,Description,174.21062881847786,[],[],2000-01-03,1118500000,107.92498404666458,[],Released,Tagline,Title 295,7.650054943872889,17200
57000000,"[{'id': 10752, 'name': 'War'}, {'id': 28, 'name': 'Action'}]",,296,[],en,Movie 296,Description,34.9162071741192,[],[],2000-01-15,1320800000,84.17419770304808,[],Released,Tagline,Title 296,8.007265139120236,14327
173000000,"[{'id': 99, 'name': 'Documentary'}]",,297,[],en,Movie 297,Description,71.14009409544873,[],[],2000-01-28,16100000,175.1732810033865,[],Released,Tagline,Title 297,7.243965577935838,17379
279000000,"[{'id': 53, 'name': 'Thriller'}, {'id': 14, 'name': 'Fantasy'}, {'id': 36, 'name': 'History'}]",,298,[],en,Movie 298,Description,155.0601285045629,[],[],2000-02-09,2583300000,151.50603652028119,[],Released,Tagline,Title 298,5.619480138855256,9468
113000000,"[{'id': 28, 'name': 'Action'}, {'id': 12, 'name': 'Adventure'}, {'id': 10749, 'name': 'Romance'}]",,299,[],en,Movie 299,Description,7.054040564263564,[],[],2000-02-21,2229100000,141.6705431481729,[],Released,Tagline,Title 299,8.633962472046505,12045
287000000,"[{'id': 10752, 'name': 'War'}]",,300,[],en,Movie 300,Description,134.91712964902737,[],[],2000-03-05,2944200000,84.12120612238621,[],Released,Tagline,Title 300,6.276791939975622,10068
150000000,"[{'id': 14, 'name': 'Fantasy'}, {'id': 80, 'name': 'Crime'}, {'id': 27, 'name': 'Horror'}]",,301,[],es,Movie 301,Description,163.46314754595255,[],[],2000-03-17,2488700000,158.38775225682141,[],Released,Tagline,Title 301,5.329392426925489,9751
126000000,"[{'id': 16, 'name': 'Animation'}]",,302,[],en,Movie 302,Description,186.5212999287953,[],[],2000-03-30,841900000,100.59480222614778,[],Released,Tagline,Title 302,6.041173104109783,14003
154000000,"[{'id': 35, 'name': 'Comedy'}, {'id': 36, 'name': 'History'}]",,303,[],fr,Movie 303,Description,175.3830314578055,[],[],2000-04-11,2484900000,191.74360162456344,[],Released,Tagline,Title 303,7.46037545954105,19027
272000000,"[{'id': 18, 'name': 'Drama'}]",,304,[],de,Movie 304,Description,64.55743924990335,[],[],2000-04-24,708200000,162.28723412908184,[],Released,Tagline,Title 304,8.229658928296246,7871
103000000,"[{'id': 878, 'name': 'Science Fiction'}, {'id': 35, 'name': 'Comedy'}]",,305,[],en,Movie 305,Description,117.68646412326756,[],[],2000-05-06,441300000,164.84406656406037,[],Released,Tagline,Title 305,5.782877496414363,13560
298000000,"[{'id': 9648, 'name': 'Mystery'}, {'id': 878, 'name': 'Science Fiction'}]",,306,[],en,Movie 306,Description,16.381405136942703,[],[],2000-05-18,1011500000,107.90963271335366,[],Released,Tagline,Title 306,5.1631222300468735,4737
245000000,"[{'id': 10749, 'name': 'Romance'}]",,307,[],en,Movie 307,Description,52.31613070605371,[],[],2000-05-31,1954200000,185.69046056680622,[],Released,Tagline,Title 307,7.132465659176024,13022
175000000,"[{'id': 27, 'name': 'Horror'}, {'id': 99, 'name': 'Documentary'}]",,308,[],en,Movie 308,Description,19.75025337075397,[],[],2000-06-12,1872300000,144.5279084939841,[],Released,Tagline,Title 308,8.606075500531428,8166
38000000,"[{'id': 16, 'name': 'Animation'}]",,309,[],en,Movie 309,Description,63.722270740638805,[],[],2000-06-25,2197300000,182.85010133770766,[],Released,Tagline,Title 309,4.916466817797108,3653
169000000,"[{'id': 878, 'name': 'Science Fiction'}]",,310,[],en,Movie 310,Description,175.16225547828705,[],[],2000-07-07,1798600000,112.51369697987312,[],Released,Tagline,Title 310,8.015096911496833,1449
246000000,"[{'id': 80, 'name': 'Crime'}]",,311,[],en,Movie 311,Description,70.08620109518424,[],[],2000-07-20,588900000,170.65540557178952,[],Released,Tagline,Title 311,6.383035907437421,3086
25000000,"[{'id': 14, 'name': 'Fantasy'}]",,312,[],en,Movie 312,Description,112.81772249728385,[],[],2000-08-01,371900000,148.9480284392057,[],Released,Tagline,Title 312,7.997562519810458,11622
12000000,"[{'id': 27, 'name': 'Horror'}]",,313,[],es,Movie 313,Description,87.24278877487322,[],[],2000-08-13,2193100000,85.8103166972698,[],Released,Tagline,Title 313,6.527705748866454,2222
35000000,"[{'id': 12, 'name': 'Adventure'}, {'id': 36, 'name': 'History'}]",,314,[],en,Movie 314,Description,92.32438833544833,[],[],2000-08-26,1061500000,128.64107885279444,[],Released,Tagline,Title 314,5.886638871511097,13992
172000000,"[{'id': 36, 'name': 'History'}, {'id': 35, 'name': 'Comedy'}]",,315,[],ko,Movie 315,Description,193.9448383154751,[],[],2000-09-07,1831000000,102.06925581481579,[],Released,Tagline,Title 315,7.4837050010482535,8789
19000000,"[{'id': 36, 'name': 'History'}]",,316,[],ko,Movie 316,Description,59.93473918450773,[],[],2000-09-20,2514300000,123.10083054545073,[],Released,Tagline,Title 316,8.503136472974486,14162
263000000,"[{'id': 53, 'name': 'Thriller'}, {'id': 36, 'name': 'History'}, {'id': 10402, 'name': 'Music'}]",,317,[],ko,Movie 317,Description,125.83756943511109,[],[],2000-10-02,1930000000,126.00219611182669,[],Released,Tagline,Title 317,5.601258651850905,1463
141000000,"[{'id': 10751, 'name': 'Family'}, {'id': 27, 'name': 'Horror'}]",,318,[],es,Movie 318,Description,84.59247124630996,[],[],2000-10-15,2328300000,136.99140236340617,[],Released,Tagline,Title 318,6.303740674971859,16791
142000000,"[{'id': 10752, 'name': 'War'}]",,319,[],en,Movie 319,Description,13.168090028489555,[],[],2000-10-27,844400000,152.03485312741557,[],Released,Tagline,Title 319,5.147003133482612,2851
91000000,"[{'id': 18, 'name': 'Drama'}, {'id': 99, 'name': 'Documentary'}, {'id': 36, 'name': 'History'}]",,320,[],en,Movie 320,Description,98.37683549322296,[],[],2000-11-08,2203700000,148.5173182997839,[],Released,Tagline,Title 320,4.9170473180867535,7882
287000000,"[{'id': 27, 'name': 'Horror'}, {'id': 37, 'name': 'Western'}]",,321,[],en,Movie 321,Description,162.85532247997656,[],[],2000-11-21,2693100000,84.67896856459942,[],Released,Tagline,Title 321,7.889450711960876,17748
214000000,"[{'id': 878, 'name': 'Science Fiction'}]",,322,[],en,Movie 322,Description,20.651840767655987,[],[],2000-12-03,1988600000,170.08270621864662,[],Released,Tagline,Title 322,5.003320583442212,12640
50000000,"[{'id': 10749, 'name': 'Romance'}]",,323,[],es,Movie 323,Description,14.848777631865484,[],[],2000-12-16,2934700000,193.90206613673217,[],Released,Tagline,Title 323,7.96659085667225,13323
152000000,"[{'id': 878, 'name': 'Science Fiction'}, {'id': 10402, 'name': 'Music'}]",,324,[],ko,Movie 324,Description,31.572672558260066,[],[],2000-12-28,1520400000,121.841754678196,[],Released,Tagline,Title 324,6.146085259201323,5439
185000000,"[{'id': 80, 'name': 'Crime'}, {'id': 10402, 'name': 'Music'}, {'id': 14, 'name': 'Fantasy'}]",,325,[],en,Movie 325,Description,153.11562216647192,[],[],2001-01-10,2688800000,101.56962816059102,[],Released,Tagline,Title 325,8.97524361703858,5948
62000000,"[{'id': 9648, 'name': 'Mystery'}, {'id': 10751, 'name': 'Family'}]",,326,[],en,Movie 326,Description,145.07508144480286,[],[],2001-01-22,1637000000,144.80018757384624,[],Released,Tagline,Title 326,4.986707090956446,16977
189000000,"[{'id': 14, 'name': 'Fantasy'}]",,327,[],en,Movie 327,Description,113.43853601231599,[],[],2001-02-03,2669200000,164.5895513892973,[],Released,Tagline,Title 327,4.46488996256413,18505
124000000,"[{'id': 10752, 'name': 'War'}, {'id': 99, 'name': 'Documentary'}, {'id': 12, 'name': 'Adventure'}]",,328,[],en,Movie 328,Description,94.17705441443384,[],[],2001-02-16,727500000,161.4685873433196,[],Released,Tagline,Title 328,4.377165348017478,18231
149000000,"[{'id': 53, 'name': 'Thriller'}]",,329,[],en,Movie 329,Description,177.7768371258218,[],[],2001-02-28,1576000000,153.453149300103,[],Released,Tagline,Title 329,8.177090023621004,15961
57000000,"[{'id': 12, 'name': 'Adventure'}, {'id': 10752, 'name': 'War'}, {'id': 10751, 'name': 'Family'}]",,330,[],en,Movie 330,Description,153.57286694286302,[],[],2001-03-13,1798700000,97.54787025538502,[],Released,Tagline,Title 330,6.188881555291717,13565
179000000,"[{'id': 14, 'name': 'Fantasy'}, {'id': 35, 'name': 'Comedy'}]",,331,[],es,Movie 331,Description,162.57650800905924,[],[],2001-03-25,2784700000,180.4189873283598,[],Released,Tagline,Title 331,4.015621748236859,3402
169000000,"[{'id': 80, 'name': 'Crime'}, {'id': 16, 'name': 'Animation'}, {'id': 878, 'name': 'Science Fiction'}]",,332,[],en,Movie 332,Description,162.83919796878018,[],[],2001-04-07,2374400000,131.07458749025784,[],Released,Tagline,Title 332,8.37385681251668,14537
270000000,"[{'id': 18, 'name': 'Drama'}]",,333,[],ko,Movie 333,Description,128.90071379436603,[],[],2001-04-19,1689800000,106.5762299638244,[],Released,Tagline,Title 333,8.384605034551523,15262
53000000,"[{'id': 35, 'name': 'Comedy'}, {'id': 10749, 'name': 'Romance'}]",,334,[],en,Movie 334,Description,92.14491023887322,[],[],2001-05-02,1510500000,90.35193692757159,[],Released,Tagline,Title 334,8.032083370093954,14612
100000000,"[{'id': 18, 'name': 'Drama'}]",,335,[],es,Movie 335,Description,173.07087276454442,[],[],2001-05-14,863400000,130.00629379676587,[],Released,Tagline,Title 335,5.241592415124213,5122
263000000,"[{'id': 18, 'name': 'Drama'}, {'id': 10751, 'name': 'Family'}]",,336,[],en,Movie 336,Description,185.27547610304688,[],[],2001-05-26,819300000,154.15676562167687,[],Released,Tagline,Title 336,5.863763600335865,10571
52000000,"[{'id': 36, 'name': 'History'}, {'id': 53, 'name': 'Thriller'}, {'id': 10749, 'name': 'Romance'}]",,337,[],ja,Movie 337,Description,5.737402608410259,[],[],2001-06-08,650200000,159.84532509818092,[],Released,Tagline,Title 337,7.724631125977418,6255
59000000,"[{'id': 35, 'name': 'Comedy'}]",,338,[],en,Movie 338,Description,11.25941977998401,[],[],2001-06-20,2981100000,195.5284293676708,[],Released,Tagline,Title 338,6.4467656270379265,5354
107000000,"[{'id': 36, 'name': 'History'}]",,339,[],en,Movie 339,Description,191.789916084779,[],[],2001-07-03,1728700000,98.3777700396509,[],Released,Tagline,Title 339,4.769132883617763,4454
4000000,"[{'id': 10751, 'name': 'Family'}, {'id': 80, 'name': 'Crime'}, {'id': 12, 'name': 'Adventure'}]",,340,[],en,Movie 340,Description,56.154962154994756,[],[],2001-07-15,572000000,198.29283982370623,[],Released,Tagline,Title 340,5.213991322638362,19937
102000000,"[{'id': 27, 'name': 'Horror'}, {'id': 16, 'name': 'Animation'}]",,341,[],ko,Movie 341,Description,174.8005184902343,[],[],2001-07-28,941300000,158.56110566866735,[],Released,Tagline,Title 341,8.862947683757787,2616
195000000,"[{'id': 37, 'name': 'Western'}]",,342,[],en,Movie 342,Description,78.37022867331912,[],[],2001-08-09,2453300000,134.50748692486417,[],Released,Tagline,Title 342,4.755065587135531,15972
261000000,"[{'id': 53, 'name': 'Thriller'}]",,343,[],en,Movie 343,Description,24.700911464261765,[],[],2001-08-21,1596400000,186.5833071017791,[],Released,Tagline,Title 343,7.630403783390943,10256
46000000,"[{'id': 99, 'name': 'Documentary'}]",,344,[],en,Movie 344,Description,17.00819684165752,[],[],2001-09-03,1870600000,163.33756903440712,[],Released,Tagline,Title 344,6.390091533297695,8938
143000000,"[{'id': 9648, 'name': 'Mystery'}]",,345,[],en,Movie 345,Description,32.14507191701084,[],[],2001-09-15,85600000,121.84606578284183,[],Released,Tagline,Title 345,7.743008297760799,12834
268000000,"[{'id': 53, 'name': 'Thriller'}]",,346,[],es,Movie 346,Description,50.72874577860558,[],[],2001-09-28,101800000,186.09028358917539,[],Released,Tagline,Title 346,7.3055662057219655,11122
123000000,"[{'id': 9648, 'name': 'Mystery'}, {'id': 80, 'name': 'Crime'}, {'id': 18, 'name': 'Drama'}]",,347,[],en,Movie 347,Description,98.21515243223442,[],[],2001-10-10,528000000,159.99385481834418,[],Released,Tagline,Title 347,6.195835952771629,5308
105000000,"[{'id': 10751, 'name': 'Family'}]",,348,[],en,Movie 348,Description,140.59808221259092,[],[],2001-10-23,1041300000,163.86048269530633,[],Released,Tagline,Title 348,5.769554123415336,16678
157000000,"[{'id': 878, 'name': 'Science Fiction'}, {'id': 27, 'name': 'Horror'}]",,349,[],ko,Movie 349,Description,197.2933167205747,[],[],2001-11-04,771300000,187.56678657032313,[],Released,Tagline,Title 349,7.7717962717806275,13825
146000000,"[{'id': 80, 'name': 'Crime'}]",,350,[],de,Movie 350,Description,88.85984191454504,[],[],2001-11-16,1581800000,133.80994495628664,[],Released,Tagline,Title 350,5.6157060312991325,9437
144000000,"[{'id': 53, 'name': 'Thriller'}, {'id': 99, 'name': 'Documentary'}]",,351,[],ja,Movie 351,Description,104.11880352627887,[],[],2001-11-29,2106500000,158.8284927151708,[],Released,Tagline,Title 351,7.938857400442842,10801
119000000,"[{'id': 16, 'name': 'Animation'}, {'id': 99, 'name': 'Documentary'}]",,352,[],en,Movie 352,Description,104.84132457526786,[],[],2001-12-11,2808100000,169.36268259653366,[],Released,Tagline,Title 352,7.39921533166226,10375
274000000,"[{'id': 99, 'name': 'Documentary'}, {'id': 35, 'name': 'Comedy'}]",,353,[],en,Movie 353,Description,108.34743674209928,[],[],2001-12-24,2345700000,134.4728069756938,[],Released,Tagline,Title 353,6.888345851165845,6310
91000000,"[{'id': 28, 'name': 'Action'}, {'id': 37, 'name': 'Western'}]",,354,[],en,Movie 354,Description,104.03039076378799,[],[],2002-01-05,662500000,90.01425388853521,[],Released,Tagline,Title 354,5.844004424511487,11644
57000000,"[{'id': 10751, 'name': 'Family'}, {'id': 28, 'name': 'Action'}]",,355,[],fr,Movie 355,Description,2.7461762573216477,[],[],2002-01-18,2912700000,172.5727722913233,[],Released,Tagline,Title 355,5.025406788831875,16427
228000000,"[{'id': 12, 'name': 'Adventure'}, {'id': 9648, 'name': 'Mystery'}, {'id': 16, 'name': 'Animation'}]",,356,[],en,Movie 356,Description,1.3432395998583007,[],[],2002-01-30,1658000000,85.73796232920341,[],Released,Tagline,Title 356,7.552099006203319,14141
116000000,"[{'id': 18, 'name': 'Drama'}]",,357,[],en,Movie 357,Description,20.435597307098462,[],[],2002-02-11,1513200000,166.14972820672858,[],Released,Tagline,Title 357,4.456746135852905,16805
278000000,"[{'id': 16, 'name': 'Animation'}, {'id': 878, 'name': 'Science Fiction'}, {'id': 53, 'name': 'Thriller'}]",,358,[],en,Movie 358,Description,21.209764082406586,[],[],2002-02-24,469500000,189.30502502294638,[],Released,Tagline,Title 358,8.852711280778799,10579
126000000,"[{'id': 9648, 'name': 'Mystery'}, {'id': 53, 'name': 'Thriller'}, {'id': 37, 'name': 'Western'}]",,359,[],en,Movie 359,Description,141.27448488200443,[],[],2002-03-08,2590900000,121.63627980440222,[],Released,Tagline,Title 359,8.893739573077436,11423
128000000,"[{'id': 10751, 'name': 'Family'}, {'id': 36, 'name': 'History'}]",,360,[],es,Movie 360,Description,41.778290470683956,[],[],2002-03-21,1404800000,92.24741421653923,[],Released,Tagline,Title 360,4.651113079790694,13037
57000000,"[{'id': 99, 'name': 'Documentary'}]",,361,[],en,Movie 361,Description,179.04810684636695,[],[],2002-04-02,465200000,107.94367877490093,[],Released,Tagline,Title 361,4.5196766148615115,1802
121000000,"[{'id': 80, 'name': 'Crime'}, {'id': 9648, 'name': 'Mystery'}]",,362,[],en,Movie 362,Description,185.79265958582687,[],[],2002-04-15,2337600000,147.4737876950471,[],Released,Tagline,Title 362,6.06358363541515,10504
0,"[{'id': 36, 'name': 'History'}, {'id': 99, 'name': 'Documentary'}, {'id': 9648, 'name': 'Mystery'}]",,363,[],ko,Movie 363,Description,195.20277424128383,[],[],2002-04-27,2609400000,193.11916917273038,[],Released,Tagline,Title 363,8.81841636130251,930
238000000,"[{'id': 10402, 'name': 'Music'}, {'id': 27, 'name': 'Horror'}]",,364,[],en,Movie 364,Description,187.877179672517,[],[],2002-05-09,1272700000,141.473927586334,[],Released,Tagline,Title 364,6.001554496155565,8480
289000000,"[{'id': 36, 'name': 'History'}, {'id': 99, 'name': 'Documentary'}, {'id': 10402, 'name': 'Music'}]",,365,[],en,Movie 365,Description,55.1057760617864,[],[],2002-05-22,1908200000,93.52847458360355,[],Released,Tagline,Title 365,5.819010542161674,191
95000000,"[{'id': 99, 'name': 'Documentary'}]",,366,[],ko,Movie 366,Description,102.44559209599899,[],[],2002-06-03,2903100000,155.33398084596055,[],Released,Tagline,Title 366,7.517925294993856,3977
125000000,"[{'id': 16, 'name': 'Animation'}]",,367,[],ko,Movie 367,Description,35.91553906919126,[],[],2002-06-16,1130000000,167.94139241455298,[],Released,Tagline,Title 367,4.893656182976136,10203
117000000,"[{'id': 36, 'name': 'History'}, {'id': 14, 'name': 'Fantasy'}, {'id': 80, 'name': 'Crime'}]",,368,[],en,Movie 368,Description,161.4357213793142,[],[],2002-06-28,1744200000,127.1940403991349,[],Released,Tagline,Title 368,5.816617417868757,18820
47000000,"[{'id': 35, 'name': 'Comedy'}, {'id': 9648, 'name': 'Mystery'}]",,369,[],en,Movie 369,Description,177.79790932367513,[],[],2002-07-11,520800000,166.58168772144973,[],Released,Tagline,Title 369,5.4565372313724385,7776
88000000,"[{'id': 27, 'name': 'Horror'}, {'id': 36, 'name': 'History'}, {'id': 53, 'name': 'Thriller'}]",,370,[],en,Movie 370,Description,170.40647902020547,[],[],2002-07-23,1089800000,118.97873781670276,[],Released,Tagline,Title 370,7.007673113153131,1680
236000000,"[{'id': 27, 'name': 'Horror'}, {'id': 37, 'name': 'Western'}, {'id': 80, 'name': 'Crime'}]",,371,[],fr,Movie 371,Description,87.24002279067014,[],[],2002-08-04,2664000000,174.6908181915696,[],Released,Tagline,Title 371,4.813764431070819,15887
271000000,"[{'id': 9648, 'name': 'Mystery'}, {'id': 16, 'name': 'Animation'}, {'id': 878, 'name': 'Science Fiction'}]",,372,[],fr,Movie 372,Description,151.97610305266943,[],[],2002-08-17,279300000,120.92865914840829,[],Released,Tagline,Title 372,6.743506278031181,9700
188000000,"[{'id': 18, 'name': 'Drama'}]",,373,[],en,Movie 373,Description,20.41825474567762,[],[],2002-08-29,42100000,110.73285099207511,[],Released,Tagline,Title 373,8.287732949684225,15512
191000000,"[{'id': 36, 'name': 'History'}]",,374,[],en,Movie 374,Description,9.008709353230888,[],[],2002-09-11,2922500000,185.501768706989,[],Released,Tagline,Title 374,6.570852733538009,573
68000000,"[{'id': 36, 'name': 'History'}, {'id': 10751, 'name': 'Family'}, {'id': 80, 'name': 'Crime'}]",,375,[],en,Movie 375,Description,150.8940464474434,[],[],2002-09-23,1919900000,145.81681054104754,[],Released,Tagline,Title 375,7.417483085490426,11724
277000000,"[{'id': 10752, 'name': 'War'}, {'id': 27, 'name': 'Horror'}]",,376,[],en,Movie 376,Description,85.64569959140806,[],[],2002-10-06,284100000,114.21875464900216,[],Released,Tagline,Title 376,4.376240088389665,16753
246000000,"[{'id': 10402, 'name': 'Music'}, {'id': 10752, 'name': 'War'}]",,377,[],en,Movie 377,Description,199.11430368317426,[],[],2002-10-18,1343800000,192.21042675764807,[],Released,Tagline,Title 377,6.245027896235214,17177
75000000,"[{'id': 27, 'name': 'Horror'}, {'id': 10751, 'name': 'Family'}]",,378,[],fr,Movie 378,Description,20.35358895525095,[],[],2002-10-30,1741600000,162.9021410559259,[],Released,Tagline,Title 378,4.47446583717926,12763
153000000,"[{'id': 35, 'name': 'Comedy'}, {'id': 18, 'name': 'Drama'}, {'id': 28, 'name': 'Action'}]",,379,[],en,Movie 379,Description,171.2699086255115,[],[],2002-11-12,764000000,106.48404795866807,[],Released,Tagline,Title 379,6.997308378933284,17899
143000000,"[{'id': 80, 'name': 'Crime'}]",,380,[],en,Movie 380,Description,96.51663004026935,[],[],2002-11-24,1787600000,153.7570825511337,[],Released,Tagline,Title 380,5.405271855869092,14617
85000000,"[{'id': 18, 'name': 'Drama'}, {'id': 12, 'name': 'Adventure'}, {'id': 36, 'name': 'History'}]",,381,[],en,Movie 381,Description,165.60288890527153,[],[],2002-12-07,497600000,184.44305975468296,[],Released,Tagline,Title 381,5.43632915495874,18567
184000000,"[{'id': 878, 'name': 'Science Fiction'}, {'id': 36, 'name': 'History'}]",,382,[],en,Movie 382,Description,163.60832915185884,[],[],2002-12-19,2646200000,163.5383771048069,[],Released,Tagline,Title 382,4.383833685724904,17719
284000000,"[{'id': 12, 'name': 'Adventure'}, {'id': 10749, 'name': 'Romance'}, {'id': 14, 'name': 'Fantasy'}]",,383,[],en,Movie 383,Description,183.28240827105338,[],[],2003-01-01,2133200000,109.37109809121566,[],Released,Tagline,Title 383,5.551189307203672,4067
219000000,"[{'id': 10752, 'name': 'War'}]",,384,[],en,Movie 384,Description,60.27215224593445,[],[],2003-01-13,1689400000,157.8617994433418,[],Released,Tagline,Title 384,6.533385885535487,13311
68000000,"[{'id': 53, 'name': 'Thriller'}, {'id': 80, 'name': 'Crime'}]",,385,[],en,Movie 385,Description,190.01007133893862,[],[],2003-01-25,1824400000,154.2991247264241,[],Released,Tagline,Title 385,6.9233005158588075,6734
46000000,"[{'id': 36, 'name': 'History'}]",,386,[],en,Movie 386,Description,31.181725111166436,[],[],2003-02-07,1553600000,178.50123962944264,[],Released,Tagline,Title 386,4.333327756379116,940
93000000,"[{'id': 36, 'name': 'History'}]",,387,[],en,Movie 387,Description,17.311786741104616,[],[],2003-02-19,506200000,101.37591163960397,[],Released,Tagline,Title 387,7.257295928580351,1561
237000000,"[{'id': 9648, 'name': 'Mystery'}]",,388,[],fr,Movie 388,Description,86.89148795709748,[],[],2003-03-04,185900000,163.95616004016318,[],Released,Tagline,Title 388,6.4443788037674725,15505
203000000,"[{'id': 10751, 'name': 'Family'}, {'id': 10402, 'name': 'Music'}]",,389,[],en,Movie 389,Description,165.8362707597267,[],[],2003-03-16,2549000000,83.28448305604424,[],Released,Tagline,Title 389,6.684540039571174,15103
217000000,"[{'id': 53, 'name': 'Thriller'}]",,390,[],en,Movie 390,Description,95.21080499605567,[],[],2003-03-29,1367900000,163.54103607629213,[],Released,Tagline,Title 390,8.163983368838974,3572
38000000,"[{'id': 80, 'name': 'Crime'}, {'id': 10751, 'name': 'Family'}]",,391,[],fr,Movie 391,Description,166.0280488285723,[],[],2003-04-10,2199200000,195.25247647262682,[],Released,Tagline,Title 391,5.711132226524333,15947
99000000,"[{'id': 18, 'name': 'Drama'}, {'id': 53, 'name': 'Thriller'}, {'id': 16, 'name': 'Animation'}]",,392,[],en,Movie 392,Description,146.20767435306675,[],[],2003-04-22,206600000,100.92659194995409,[],Released,Tagline,Title 392,4.870255556825174,6675
288000000,"[{'id': 12, 'name': 'Adventure'}]",,393,[],ko,Movie 393,Description,42.67624884164778,[],[],2003-05-05,1439200000,117.35597273828107,[],Released,Tagline,Title 393,6.7590508785347705,4943
253000000,"[{'id': 35, 'name': 'Comedy'}, {'id': 37, 'name': 'Western'}, {'id': 10751, 'name': 'Family'}]",,394,[],en,Movie 394,Description,189.8274433549933,[],[],2003-05-17,1935100000,149.94458864342613,[],Released,Tagline,Title 394,8.725109587676194,7839
221000000,"[{'id': 16, 'name': 'Animation'}, {'id': 10402, 'name': 'Music'}]",,395,[],fr,Movie 395,Description,13.09545255725128,[],[],2003-05-30,1334700000,167.88740550287068,[],Released,Tagline,Title 395,6.589348095905656,14952
22000000,"[{'id': 35, 'name': 'Comedy'}, {'id': 53, 'name': 'Thriller'}, {'id': 10752, 'name': 'War'}]",,396,[],ko,Movie 396,Description,179.7576618012152,[],[],2003-06-11,1523800000,121.32456684854412,[],Released,Tagline,Title 396,8.159560870597533,16424
249000000,"[{'id': 10749, 'name': 'Romance'}]",,397,[],ja,Movie 397,Description,61.58424634908443,[],[],2003-06-24,677400000,159.7110772568165,[],Released,Tagline,Title 397,7.785160272305165,18993
9000000,"[{'id': 37, 'name': 'Western'}, {'id': 878, 'name': 'Science Fiction'}, {'id': 10402, 'name': 'Music'}]",,398,[],en,Movie 398,Description,100.52946854971546,[],[],2003-07-06,2946600000,187.91345510435997,[],Released,Tagline,Title 398,6.591653935049157,9257
245000000,"[{'id': 10752, 'name': 'War'}, {'id': 12, 'name': 'Adventure'}]",,399,[],en,Movie 399,Description,85.04802266744616,[],[],2003-07-18,2841400000,167.18705446691143,[],Released,Tagline,Title 399,7.237773888267112,18522
99000000,"[{'id': 18, 'name': 'Drama'}, {'id': 80, 'name': 'Crime'}, {'id': 12, 'name': 'Adventure'}]",,400,[],en,Movie 400,Description,35.19507682646632,[],[],2003-07-31,2427700000,165.3227261122693,[],Released,Tagline,Title 400,6.033400920483293,14616
289000000,"[{'id': 10402, 'name': 'Music'}, {'id': 53, 'name': 'Thriller'}, {'id': 99, 'name': 'Documentary'}]",,401,[],en,Movie 401,Description,72.27122641393693,[],[],2003-08-12,978900000,125.83647900999391,[],Released,Tagline,Title 401,6.653143445485968,12532
179000000,"[{'id': 10751, 'name': 'Family'}, {'id': 99, 'name': 'Documentary'}]",,402,[],fr,Movie 402,Description,39.39395282226626,[],[],2003-08-25,1409500000,189.3715170605841,[],Released,Tagline,Title 402,6.536428776453174,18334
222000000,"[{'id': 27, 'name': 'Horror'}, {'id': 36, 'name': 'History'}]",,403,[],en,Movie 403,Description,41.573408616644244,[],[],2003-09-06,444300000,113.27875303532933,[],Released,Tagline,Title 403,7.545551814788865,7532
249000000,"[{'id': 36, 'name': 'History'}, {'id': 27, 'name': 'Horror'}, {'id': 16, 'name': 'Animation'}]",,404,[],en,Movie 404,Description,38.224310369249686,[],[],2003-09-19,924800000,104.63364279436408,[],Released,Tagline,Title 404,6.049906596781414,18937
146000000,"[{'id': 9648, 'name': 'Mystery'}, {'id': 36, 'name': 'History'}, {'id': 27, 'name': 'Horror'}]",,405,[],en,Movie 405,Description,98.31445868897225,[],[],2003-10-01,1319600000,123.70687204718047,[],Released,Tagline,Title 405,4.498835613110701,15248
95000000,"[{'id': 10402, 'name': 'Music'}, {'id': 9648, 'name': 'Mystery'}, {'id': 10751, 'name': 'Family'}]",,406,[],en,Movie 406,Description,159.7883421347518,[],[],2003-10-13,921600000,158.01874648861929,[],Released,Tagline,Title 406,7.943547614068114,19500
256000000,"[{'id': 16, 'name': 'Animation'}, {'id': 18, 'name': 'Drama'}]",,407,[],ja,Movie 407,Description,114.22503671848696,[],[],2003-10-26,320500000,183.4013583433408,[],Released,Tagline,Title 407,7.424265016641037,11294
3000000,"[{'id': 53, 'name': 'Thriller'}, {'id': 18, 'name': 'Drama'}]",,408,[],de,Movie 408,Description,178.74811112161754,[],[],2003-11-07,1696000000,95.84945388167804,[],Released,Tagline,Title 408,8.750617277286828,14919
15000000,"[{'id': 16, 'name': 'Animation'}, {'id': 878, 'name': 'Science Fiction'}]",,409,[],en,Movie 409,Description,127.67235322676811,[],[],2003-11-20,1658300000,177.65626127121956,[],Released,Tagline,Title 409,6.143580879239314,6725
279000000,"[{'id': 53, 'name': 'Thriller'}, {'id': 18, 'name': 'Drama'}]",,410,[],en,Movie 410,Description,138.17868301088828,[],[],2003-12-02,2380800000,177.5388073602794,[],Released,Tagline,Title 410,4.391028284555474,7504
246000000,"[{'id': 99, 'name': 'Documentary'}]",,411,[],en,Movie 411,Description,133.85383871567362,[],[],2003-12-15,136600000,150.43032279081035,[],Released,Tagline,Title 411,4.608094931816215,14774
257000000,"[{'id': 35, 'name': 'Comedy'}, {'id': 27, 'name': 'Horror'}, {'id': 18, 'name': 'Drama'}]",,412,[],en,Movie 412,Description,90.44237944356449,[],[],2003-12-27,2421900000,171.2777527493631,[],Released,Tagline,Title 412,7.86659771601539,10607
159000000,"[{'id': 10751, 'name': 'Family'}]",,413,[],ko,Movie 413,Description,138.1784256178165,[],[],2004-01-08,1838300000,101.82568377819048,[],Released,Tagline,Title 413,4.3387864138930095,18797
151000000,"[{'id': 18, 'name': 'Drama'}, {'id': 10749, 'name': 'Romance'}]",,414,[],ja,Movie 414,Description,14.871841547323271,[],[],2004-01-21,2173500000,100.35032009848561,[],Released,Tagline,Title 414,8.539130724646427,4723
177000000,"[{'id': 53, 'name': 'Thriller'}, {'id': 99, 'name': 'Documentary'}, {'id': 37, 'name': 'Western'}]",,415,[],en,Movie 415,Description,172.11044291121695,[],[],2004-02-02,2282900000,183.53600409544725,[],Released,Tagline,Title 415,5.408250556475927,19647
162000000,"[{'id': 14, 'name': 'Fantasy'}]",,416,[],en,Movie 416,Description,155.78461654533956,[],[],2004-02-15,1740100000,139.77781246814803,[],Released,Tagline,Title 416,8.494395202896623,7115
32000000,"[{'id': 80, 'name': 'Crime'}]",,417,[],en,Movie 417,Description,49.80076168810408,[],[],2004-02-27,2000300000,109.5124657103419,[],Released,Tagline,Title 417,7.86753424400473,15361
178000000,"[{'id': 9648, 'name': 'Mystery'}, {'id': 14, 'name': 'Fantasy'}, {'id': 35, 'name': 'Comedy'}]",,418,[],en,Movie 418,Description,153.8384583965624,[],[],2004-03-11,2600000,162.64764291275884,[],Released,Tagline,Title 418,8.35600518145845,7882
100000000,"[{'id': 28, 'name': 'Action'}, {'id': 80, 'name': 'Crime'}]",,419,[],en,Movie 419,Description,3.5158776786036805,[],[],2004-03-23,2613500000,187.0250200321065,[],Released,Tagline,Title 419,5.070198458849829,5314
267000000,"[{'id': 10749, 'name': 'Romance'}, {'id': 10751, 'name': 'Family'}, {'id': 36, 'name': 'History'}]",,420,[],en,Movie 420,Description,44.232067923695205,[],[],2004-04-04,372500000,155.87871751331,[],Released,Tagline,Title 420,6.978467479067842,7038
64000000,"[{'id': 878, 'name': 'Science Fiction'}, {'id': 28, 'name': 'Action'}, {'id': 36, 'name': 'History'}]",,421,[],en,Movie 421,Description,13.96231049550829,[],[],2004-04-17,345900000,121.68140515280206,[],Released,Tagline,Title 421,4.467945660362113,3088
167000000,"[{'id': 35, 'name': 'Comedy'}, {'id': 80, 'name': 'Crime'}, {'id': 53, 'name': 'Thriller'}]",,422,[],en,Movie 422,Description,156.26515640696104,[],[],2004-04-29,2793300000,137.98853183516175,[],Released,Tagline,Title 422,5.01140383769688,5256
42000000,"[{'id': 35, 'name': 'Comedy'}, {'id': 9648, 'name': 'Mystery'}]",,423,[],en,Movie 423,Description,151.41895608449906,[],[],2004-05-12,2297800000,170.27233531344075,[],Released,Tagline,Title 423,5.549511136686342,5612
43000000,"[{'id': 10749, 'name': 'Romance'}, {'id': 14, 'name': 'Fantasy'}]",,424,[],ko,Movie 424,Description,162.9135687365643,[],[],2004-05-24,1056000000,88.1001474646865,[],Released,Tagline,Title 424,7.704062957550116,9888
284000000,"[{'id': 36, 'name': 'History'}, {'id': 10752, 'name': 'War'}, {'id': 35, 'name': 'Comedy'}]",,425,[],fr,Movie 425,Description,1.8918569717802383,[],[],2004-06-06,2504700000,106.05974191477307,[],Released,Tagline,Title 425,4.123571896942416,14285
11000000,"[{'id': 9648, 'name': 'Mystery'}, {'id': 28, 'name': 'Action'}, {'id': 10749, 'name': 'Romance'}]",,426,[],en,Movie 426,Description,100.7453126090032,[],[],2004-06-18,2704400000,135.50998239793367,[],Released,Tagline,Title 426,8.515586414360683,18834
94000000,"[{'id': 10752, 'name': 'War'}, {'id': 10749, 'name': 'Romance'}]",,427,[],en,Movie 427,Description,141.26240330594996,[],[],2004-06-30,2366500000,152.50891569165185,[],Released,Tagline,Title 427,4.3540175685646085,10071
252000000,"[{'id': 27, 'name': 'Horror'}, {'id': 28, 'name': 'Action'}, {'id': 53, 'name': 'Thriller'}]",,428,[],en,Movie 428,Description,31.924824619064076,[],[],2004-07-13,2445400000,120.69987092507893,[],Released,Tagline,Title 428,5.882450976723136,10740
241000000,"[{'id': 28, 'name': 'Action'}, {'id': 99, 'name': 'Documentary'}]",,429,[],en,Movie 429,Description,130.3083547750123,[],[],2004-07-25,474700000,115.8069106243857,[],Released,Tagline,Title 429,4.40544814164292,19354
34000000,"[{'id': 9648, 'name': 'Mystery'}, {'id': 10749, 'name': 'Romance'}]",,430,[],en,Movie 430,Description,17.737909762627456,[],[],2004-08-07,2397400000,84.96610348396655,[],Released,Tagline,Title 430,7.844839215516869,6587
214000000,"[{'id': 10751, 'name': 'Family'}, {'id': 36, 'name': 'History'}, {'id': 99, 'name': 'Documentary'}]",,431,[],es,Movie 431,Description,37.083845364758325,[],[],2004-08-19,2546200000,83.9122126461737,[],Released,Tagline,Title 431,4.706574867013784,19394
89000000,"[{'id': 10402, 'name': 'Music'}]",,432,[],en,Movie 432,Description,95.6835661839256,[],[],2004-09-01,1321800000,113.44338251633907,[],Released,Tagline,Title 432,8.423784551312288,13788
263000000,"[{'id': 878, 'name': 'Science Fiction'}, {'id': 99, 'name': 'Documentary'}, {'id': 10402, 'name': 'Music'}]",,433,[],en,Movie 433,Description,131.0594653835393,[],[],2004-09-13,2336300000,143.66073201074516,[],Released,Tagline,Title 433,6.65110993295763,12552
92000000,"[{'id': 16, 'name': 'Animation'}, {'id': 9648, 'name': 'Mystery'}, {'id': 10402, 'name': 'Music'}]",,434,[],en,Movie 434,Description,30.02795626382532,[],[],2004-09-25,906800000,146.7645795734494,[],Released,Tagline,Title 434,8.74236409727698,15472
89000000,"[{'id': 35, 'name': 'Comedy'}, {'id': 10751, 'name': 'Family'}]",,435,[],ko,Movie 435,Description,37.85944283535664,[],[],2004-10-08,913400000,139.28329914402426,[],Released,Tagline,Title 435,5.451804564040977,12099
114000000,"[{'id': 16, 'name': 'Animation'}]",,436,[],ko,Movie 436,Description,41.684827046066935,[],[],2004-10-20,304200000,129.18568208034011,[],Released,Tagline,Title 436,6.271580759391956,13534
104000000,"[{'id': 12, 'name': 'Adventure'}, {'id': 10752, 'name': 'War'}, {'id': 9648, 'name': 'Mystery'}]",,437,[],en,Movie 437,Description,48.501460135096714,[],[],2004-11-02,776600000,110.2749907113585,[],Released,Tagline,Title 437,7.471234811647889,12516
195000000,"[{'id': 10751, 'name': 'Family'}]",,438,[],en,Movie 438,Description,46.08421585673196,[],[],2004-11-14,540500000,128.08333179113384,[],Released,Tagline,Title 438,8.159566562854803,19348
113000000,"[{'id': 9648, 'name': 'Mystery'}, {'id': 53, 'name': 'Thriller'}]",,439,[],en,Movie 439,Description,79.63467259102971,[],[],2004-11-27,57200000,96.65119584626161,[],Released,Tagline,Title 439,6.106785438728034,14045
74000000,"[{'id': 28, 'name': 'Action'}, {'id': 10402, 'name': 'Music'}]",,440,[],en,Movie 440,Description,131.10414051650787,[],[],2004-12-09,2872600000,93.83110748312441,[],Released,Tagline,Title 440,8.462162691635822,1117
216000000,"[{'id': 53, 'name': 'Thriller'}]",,441,[],en,Movie 441,Description,88.16832484375946,[],[],2004-12-21,879700000,115.99319081765498,[],Released,Tagline,Title 441,4.589936041621976,4790
276000000,"[{'id': 37, 'name': 'Western'}, {'id': 80, 'name': 'Crime'}]",,442,[],en,Movie 442,Description,155.41880784122773,[],[],2005-01-03,1261300000,199.44185557126636,[],Released,Tagline,Title 442,7.543423594050477,8473
248000000,"[{'id': 14, 'name': 'Fantasy'}, {'id': 10402, 'name': 'Music'}]",,443,[],en,Movie 443,Description,144.13443268377435,[],[],2005-01-15,1530600000,119.17963370196782,[],Released,Tagline,Title 443,5.740994911068302,14478
163000000,"[{'id': 10751, 'name': 'Family'}]",,444,[],en,Movie 444,Description,26.17885589576606,[],[],2005-01-28,2810600000,192.37476684261264,[],Released,Tagline,Title 444,4.506677420662985,18935
191000000,"[{'id': 10402, 'name': 'Music'}]",,445,[],en,Movie 445,Description,10.719483040828042,[],[],2005-02-09,2136500000,127.07145749212329,[],Released,Tagline,Title 445,5.933322784010019,18436
226000000,"[{'id': 28, 'name': 'Action'}, {'id': 53, 'name': 'Thriller'}]",,446,[],ja,Movie 446,Description,175.71037123592163,[],[],2005-02-22,2893700000,132.68119894395312,[],Released,Tagline,Title 446,8.40107812242784,4800
176000000,"[{'id': 99, 'name': 'Documentary'}, {'id': 80, 'name': 'Crime'}, {'id': 35, 'name': 'Comedy'}]",,447,[],en,Movie 447,Description,16.886382246011813,[],[],2005-03-06,857400000,175.64754598426754,[],Released,Tagline,Title 447,8.9026693564432,14001
98000000,"[{'id': 28, 'name': 'Action'}]",,448,[],en,Movie 448,Description,30.519496963222903,[],[],2005-03-18,123700000,91.23659929369481,[],Released,Tagline,Title 448,5.963999285502413,760
35000000,"[{'id': 27, 'name': 'Horror'}]",,449,[],en,Movie 449,Description,5.404521836065494,[],[],2005-03-31,238100000,101.87759883123674,[],Released,Tagline,Title 449,8.432081939031875,17799
95000000,"[{'id': 10752, 'name': 'War'}, {'id': 10402, 'name': 'Music'}]",,450,[],en,Movie 450,Description,126.0389366944321,[],[],2005-04-12,717800000,196.86083179702575,[],Released,Tagline,Title 450,6.548272081209391,7481
151000000,"[{'id': 53, 'name': 'Thriller'}, {'id': 10402, 'name': 'Music'}, {'id': 18, 'name': 'Drama'}]",,451,[],en,Movie 451,Description,116.89174206851136,[],[],2005-04-25,1453900000,140.71008079528337,[],Released,Tagline,Title 451,7.585075188319707,3019
150000000,"[{'id': 27, 'name': 'Horror'}, {'id': 28, 'name': 'Action'}, {'id': 53, 'name': 'Thriller'}]",,452,[],en,Movie 452,Description,197.39382962061586,[],[],2005-05-07,1197200000,85.31716186503563,[],Released,Tagline,Title 452,4.226857111369116,18556
189000000,"[{'id': 9648, 'name': 'Mystery'}, {'id': 16, 'name': 'Animation'}, {'id': 10402, 'name': 'Music'}]",,453,[],en,Movie 453,Description,177.49954686711723,[],[],2005-05-20,1029800000,85.68568796672606,[],Released,Tagline,Title 453,6.786559859920117,18503
223000000,"[{'id': 18, 'name': 'Drama'}]",,454,[],en,Movie 454,Description,82.75779231870104,[],[],2005-06-01,151800000,188.86888205328714,[],Released,Tagline,Title 454,4.350809681054952,11032
36000000,"[{'id': 80, 'name': 'Crime'}, {'id': 12, 'name': 'Adventure'}]",,455,[],en,Movie 455,Description,74.94558234159446,[],[],2005-06-13,1791800000,184.8038107470461,[],Released,Tagline,Title 455,5.3430897854689965,915
267000000,"[{'id': 53, 'name': 'Thriller'}, {'id': 12, 'name': 'Adventure'}]",,456,[],en,Movie 456,Description,60.07355482171703,[],[],2005-06-26,588800000,135.00789283341203,[],Released,Tagline,Title 456,6.834071629343393,14610
182000000,"[{'id': 16, 'name': 'Animation'}]",,457,[],ko,Movie 457,Description,31.32897708753839,[],[],2005-07-08,1148700000,99.58665031335185,[],Released,Tagline,Title 457,8.035818832108403,12389
12000000,"[{'id': 99, 'name': 'Documentary'}]",,458,[],en,Movie 458,Description,28.4786476637998,[],[],2005-07-21,2801700000,179.63415276349758,[],Released,Tagline,Title 458,6.804468219019553,4834
278000000,"[{'id': 35, 'name': 'Comedy'}, {'id': 10752, 'name': 'War'}]",,459,[],en,Movie 459,Description,27.32445789391148,[],[],2005-08-02,2424400000,118.95201287355806,[],Released,Tagline,Title 459,8.68095770557605,2853
216000000,"[{'id': 99, 'name': 'Documentary'}]",,460,[],en,Movie 460,Description,23.708836680168933,[],[],2005-08-15,1987400000,130.28700783957146,[],Released,Tagline,Title 460,8.051662537879178,6605
285000000,"[{'id': 10402, 'name': 'Music'}]",,461,[],ja,Movie 461,Description,48.86189643870185,[],[],2005-08-27,2852200000,161.89716548591815,[],Released,Tagline,Title 461,4.781200730525513,11659
272000000,"[{'id': 10751, 'name': 'Family'}, {'id': 10749, 'name': 'Romance'}, {'id': 80, 'name': 'Crime'}]",,462,[],en,Movie 462,Description,62.027057432310166,[],[],2005-09-08,464300000,122.40780240891854,[],Released,Tagline,Title 462,5.944792428139687,15005
61000000,"[{'id': 10752, 'name': 'War'}]",,463,[],fr,Movie 463,Description,192.35421523674427,[],[],2005-09-21,2544700000,155.44039120379517,[],Released,Tagline,Title 463,7.342427136533894,4785
83000000,"[{'id': 36, 'name': 'History'}, {'id': 14, 'name': 'Fantasy'}]",,464,[],ja,Movie 464,Description,116.11617694937526,[],[],2005-10-03,1853500000,186.2339252531101,[],Released,Tagline,Title 464,8.69203015804645,16685
216000000,"[{'id': 80, 'name': 'Crime'}, {'id': 10402, 'name': 'Music'}]",,465,[],en,Movie 465,Description,197.5315591281429,[],[],2005-10-16,2780900000,175.6847922529373,[],Released,Tagline,Title 465,8.938579343723354,17488
186000000,"[{'id': 80, 'name': 'Crime'}, {'id': 36, 'name': 'History'}]",,466,[],en,Movie 466,Description,75.12092261730898,[],[],2005-10-28,2170400000,125.79332886405925,[],Released,Tagline,Title 466,7.815932189814036,17796
18000000,"[{'id': 18, 'name': 'Drama'}, {'id': 36, 'name': 'History'}]",,467,[],en,Movie 467,Description,92.06769988529877,[],[],2005-11-10,1142400000,114.55238656444817,[],Released,Tagline,Title 467,6.868846527896819,18509
176000000,"[{'id': 16, 'name': 'Animation'}]",,468,[],es,Movie 468,Description,65.59115317389056,[],[],2005-11-22,2015100000,114.26125384874709,[],Released,Tagline,Title 468,7.78304844868996,19617
99000000,"[{'id': 878, 'name': 'Science Fiction'}, {'id': 99, 'name': 'Documentary'}, {'id': 10752, 'name': 'War'}]",,469,[],en,Movie 469,Description,37.39464252841398,[],[],2005-12-04,2134500000,121.83093804518997,[],Released,Tagline,Title 469,5.366182097319738,11865
232000000,"[{'id': 99, 'name': 'Documentary'}]",,470,[],en,Movie 470,Description,29.489776847738256,[],[],2005-12-17,1140000000,139.22203840697267,[],Released,Tagline,Title 470,5.4180151362981634,4321
75000000,"[{'id': 27, 'name': 'Horror'}, {'id': 35, 'name': 'Comedy'}, {'id': 37, 'name': 'Western'}]",,471,[],en,Movie 471,Description,189.07076036375855,[],[],2005-12-29,606200000,129.99169768327317,[],Released,Tagline,Title 471,7.271746730811616,15427
264000000,"[{'id': 10402, 'name': 'Music'}, {'id': 14, 'name': 'Fantasy'}]",,472,[],en,Movie 472,Description,197.3753256779524,[],[],2006-01-11,1268600000,95.96048251851894,[],Released,Tagline,Title 472,8.359177881999551,3771
283000000,"[{'id': 10402, 'name': 'Music'}, {'id': 27, 'name': 'Horror'}]",,473,[],en,Movie 473,Description,9.936989805237578,[],[],2006-01-23,2224200000,99.614703000069,[],Released,Tagline,Title 473,8.84904744588177,5041
205000000,"[{'id': 878, 'name': 'Science Fiction'}]",,474,[],en,Movie 474,Description,30.918829071621538,[],[],2006-02-05,448800000,121.15155312778201,[],Released,Tagline,Title 474,5.706673004156091,12566
222000000,"[{'id': 12, 'name': 'Adventure'}, {'id': 99, 'name': 'Documentary'}]",,475,[],en,Movie 475,Description,85.2812943679035,[],[],2006-02-17,1201900000,147.44769200706287,[],Released,Tagline,Title 475,7.982768115506602,18088
51000000,"[{'id': 35, 'name': 'Comedy'}, {'id': 27, 'name': 'Horror'}, {'id': 18, 'name': 'Drama'}]",,476,[],en,Movie 476,Description,38.08036179253706,[],[],2006-03-01,775100000,151.11967401601936,[],Released,Tagline,Title 476,8.257654026437468,18386
143000000,"[{'id': 12, 'name': 'Adventure'}, {'id': 99, 'name': 'Documentary'}, {'id': 37, 'name': 'Western'}]",,477,[],en,Movie 477,Description,73.41219833174978,[],[],2006-03-14,2618900000,138.3448477875956,[],Released,Tagline,Title 477,7.115866215156964,12291
68000000,"[{'id': 878, 'name': 'Science Fiction'}]",,478,[],ko,Movie 478,Description,26.69017362206704,[],[],2006-03-26,1746200000,168.65310574490175,[],Released,Tagline,Title 478,5.737959411148815,4688
98000000,"[{'id': 10749, 'name': 'Romance'}, {'id': 35, 'name': 'Comedy'}]",,479,[],en,Movie 479,Description,91.84583958763625,[],[],2006-04-08,1768500000,168.46985465080837,[],Released,Tagline,Title 479,7.0954428263690055,10911
24000000,"[{'id': 16, 'name': 'Animation'}, {'id': 10751, 'name': 'Family'}]",,480,[],ja,Movie 480,Description,55.067228617682595,[],[],2006-04-20,1035100000,131.31529660248663,[],Released,Tagline,Title 480,6.922244521557564,18833
52000000,"[{'id': 28, 'name': 'Action'}]",,481,[],en,Movie 481,Description,71.0291060959735,[],[],2006-05-03,2684800000,94.93289729131331,[],Released,Tagline,Title 481,7.032627528982454,8028
150000000,"[{'id': 28, 'name': 'Action'}, {'id': 10402, 'name': 'Music'}, {'id': 80, 'name': 'Crime'}]",,482,[],en,Movie 482,Description,19.76821764108677,[],[],2006-05-15,1441100000,143.62097237205478,[],Released,Tagline,Title 482,7.096301068938607,15425
143000000,"[{'id': 9648, 'name': 'Mystery'}, {'id': 99, 'name': 'Documentary'}]",,483,[],fr,Movie 483,Description,86.1974820913182,[],[],2006-05-27,2303400000,125.77628767925992,[],Released,Tagline,Title 483,8.235290954358476,7220
56000000,"[{'id': 10752, 'name': 'War'}, {'id': 16, 'name': 'Animation'}]",,484,[],en,Movie 484,Description,196.6682645813524,[],[],2006-06-09,2356600000,96.5507587716444,[],Released,Tagline,Title 484,4.850407566336652,14374
38000000,"[{'id': 10749, 'name': 'Romance'}]",,485,[],ko,Movie 485,Description,66.43777632935686,[],[],2006-06-21,2452300000,197.81806519578072,[],Released,Tagline,Title 485,5.836469738075841,4819
108000000,"[{'id': 35, 'name': 'Comedy'}, {'id': 27, 'name': 'Horror'}]",,486,[],ja,Movie 486,Description,175.40942569364458,[],[],2006-07-04,1510600000,124.37064671361227,[],Released,Tagline,Title 486,6.930008636753557,8181
180000000,"[{'id': 878, 'name': 'Science Fiction'}, {'id': 10751, 'name': 'Family'}, {'id': 10402, 'name': 'Music'}]",,487,[],en,Movie 487,Description,168.79662918311334,[],[],2006-07-16,1891400000,155.0957407545477,[],Released,Tagline,Title 487,5.4166386930581325,14650
41000000,"[{'id': 53, 'name': 'Thriller'}, {'id': 12, 'name': 'Adventure'}]",,488,[],en,Movie 488,Description,190.45962524114492,[],[],2006-07-29,326100000,138.8154633603916,[],Released,Tagline,Title 488,8.890765610420196,16454
185000000,"[{'id': 27, 'name': 'Horror'}]",,489,[],en,Movie 489,Description,158.2317929411518,[],[],2006-08-10,1674800000,97.13939350601194,[],Released,Tagline,Title 489,5.315751298011646,10964
222000000,"[{'id': 27, 'name': 'Horror'}, {'id': 10751, 'name': 'Family'}]",,490,[],en,Movie 490,Description,132.25976858470418,[],[],2006-08-22,1457500000,86.66523480470846,[],Released,Tagline,Title 490,6.348144403211826,19161
121000000,"[{'id': 10402, 'name': 'Music'}, {'id': 12, 'name': 'Adventure'}, {'id': 37, 'name': 'Western'}]",,491,[],en,Movie 491,Description,171.46030440126407,[],[],2006-09-04,1371300000,155.09232980983506,[],Released,Tagline,Title 491,8.386825228565343,17031
132000000,"[{'id': 35, 'name': 'Comedy'}, {'id': 53, 'name': 'Thriller'}, {'id': 10751, 'name': 'Family'}]",,492,[],en,Movie 492,Description,16.05329145081258,[],[],2006-09-16,1723000000,109.64262444174628,[],Released,Tagline,Title 492,4.400318313301131,12724
162000000,"[{'id': 27, 'name': 'Horror'}, {'id': 28, 'name': 'Action'}]",,493,[],en,Movie 493,Description,93.10330078256275,[],[],2006-09-29,1941700000,109.23847995364581,[],Released,Tagline,Title 493,8.10344001047126,3461
214000000,"[{'id': 27, 'name': 'Horror'}, {'id': 53, 'name': 'Thriller'}]",,494,[],en,Movie 494,Description,197.8619914843967,[],[],2006-10-11,1771200000,194.83714276523727,[],Released,Tagline,Title 494,6.85504184487335,13807
220000000,"[{'id': 14, 'name': 'Fantasy'}, {'id': 10752, 'name': 'War'}]",,495,[],es,Movie 495,Description,154.15043010765172,[],[],2006-10-24,2773900000,135.41279651735496,[],Released,Tagline,Title 495,4.159010204098352,2024
234000000,"[{'id': 37, 'name': 'Western'}, {'id': 10402, 'name': 'Music'}, {'id': 10749, 'name': 'Romance'}]",,496,[],es,Movie 496,Description,192.4530002294074,[],[],2006-11-05,2496800000,83.53112798008272,[],Released,Tagline,Title 496,8.514564459833846,12747
145000000,"[{'id': 37, 'name': 'Western'}]",,497,[],en,Movie 497,Description,156.14723687056235,[],[],2006-11-17,325600000,120.78112581797681,[],Released,Tagline,Title 497,4.195984177278715,6781
238000000,"[{'id': 9648, 'name': 'Mystery'}, {'id': 16, 'name': 'Animation'}]",,498,[],ja,Movie 498,Description,175.1015115209867,[],[],2006-11-30,2152100000,150.1389850702672,[],Released,Tagline,Title 498,6.576088981356464,2801
75000000,"[{'id': 18, 'name': 'Drama'}]",,499,[],en,Movie 499,Description,141.59939682833502,[],[],2006-12-12,2349300000,119.4280902220545,[],Released,Tagline,Title 499,4.245156231828406,14275
8000000,"[{'id': 10402, 'name': 'Music'}]",,500,[],en,Movie 500,Description,152.33989887903073,[],[],2006-12-25,2663600000,83.22223448409707,[],Released,Tagline,Title 500,4.356000492372491,10222
73000000,"[{'id': 80, 'name': 'Crime'}]",,501,[],en,Movie 501,Description,105.11242395806063,[],[],2007-01-06,323800000,133.31735185600826,[],Released,Tagline,Title 501,8.436021571289459,16905
252000000,"[{'id': 27, 'name': 'Horror'}]",,502,[],en,Movie 502,Description,184.92330246201246,[],[],2007-01-19,2662300000,92.70876034097334,[],Released,Tagline,Title 502,7.829127734812218,16819
229000000,"[{'id': 10751, 'name': 'Family'}, {'id': 878, 'name': 'Science Fiction'}]",,503,[],en,Movie 503,Description,165.18274321404897,[],[],2007-01-31,1243400000,154.2992029595245,[],Released,Tagline,Title 503,4.984705866224457,9818
6000000,"[{'id': 14, 'name': 'Fantasy'}]",,504,[],ja,Movie 504,Description,168.9331081674608,[],[],2007-02-13,949800000,154.35045202672256,[],Released,Tagline,Title 504,7.102339866071269,156
173000000,"[{'id': 878, 'name': 'Science Fiction'}, {'id': 12, 'name': 'Adventure'}, {'id': 18, 'name': 'Drama'}]",,505,[],ko,Movie 505,Description,134.92881109164742,[],[],2007-02-25,1635100000,84.5310967518081,[],Released,Tagline,Title 505,7.973397842156078,14073
140000000,"[{'id': 16, 'name': 'Animation'}, {'id': 18, 'name': 'Drama'}]",,506,[],en,Movie 506,Description,61.61140947036255,[],[],2007-03-09,2205300000,114.87995139192526,[],Released,Tagline,Title 506,8.447953206834324,15452
167000000,"[{'id': 10749, 'name': 'Romance'}, {'id': 18, 'name': 'Drama'}, {'id': 10751, 'name': 'Family'}]",,507,[],de,Movie 507,Description,8.090329282637725,[],[],2007-03-22,1594200000,129.64235164868046,[],Released,Tagline,Title 507,6.341534634195732,15152
169000000,"[{'id': 14, 'name': 'Fantasy'}, {'id': 10752, 'name': 'War'}]",,508,[],en,Movie 508,Description,187.19537075249937,[],[],2007-04-03,2269700000,146.03169174310136,[],Released,Tagline,Title 508,8.487499387006022,3247
282000000,"[{'id': 10751, 'name': 'Family'}, {'id': 80, 'name': 'Crime'}, {'id': 16, 'name': 'Animation'}]",,509,[],en,Movie 509,Description,117.63794941229388,[],[],2007-04-16,2747100000,115.5276115649834,[],Released,Tagline,Title 509,6.539250363587808,3637
121000000,"[{'id': 10402, 'name': 'Music'}, {'id': 16, 'name': 'Animation'}, {'id': 99, 'name': 'Documentary'}]",,510,[],fr,Movie 510,Description,60.33045125847991,[],[],2007-04-28,1022500000,114.52958150616777,[],Released,Tagline,Title 510,7.441140210888456,821
193000000,"[{'id': 27, 'name': 'Horror'}]",,511,[],en,Movie 511,Description,30.677886461660023,[],[],2007-05-11,895700000,197.9618187500311,[],Released,Tagline,Title 511,8.895146797125696,12369
4000000,"[{'id': 878, 'name': 'Science Fiction'}]",,512,[],en,Movie 512,Description,166.0751099346502,[],[],2007-05-23,546600000,85.023535486508,[],Released,Tagline,Title 512,5.179758945972633,16869
28000000,"[{'id': 18, 'name': 'Drama'}, {'id': 10752, 'name': 'War'}]",,513,[],en,Movie 513,Description,167.46751869506818,[],[],2007-06-04,1688300000,198.68544969093824,[],Released,Tagline,Title 513,4.84260638041239,19301
164000000,"[{'id': 18, 'name': 'Drama'}, {'id': 12, 'name': 'Adventure'}, {'id': 37, 'name': 'Western'}]",,514,[],en,Movie 514,Description,163.08708565797576,[],[],2007-06-17,2794500000,85.73023292940758,[],Released,Tagline,Title 514,5.710094124889351,7526
135000000,"[{'id': 10749, 'name': 'Romance'}, {'id': 18, 'name': 'Drama'}]",,515,[],en,Movie 515,Description,129.37145570139046,[],[],2007-06-29,2244700000,114.6009713353623,[],Released,Tagline,Title 515,4.821995113601547,13888
144000000,"[{'id': 10402, 'name': 'Music'}]",,516,[],en,Movie 516,Description,73.83706213078331,[],[],2007-07-12,2983800000,139.242902596322,[],Released,Tagline,Title 516,5.42081402852437,14107
216000000,"[{'id': 80, 'name': 'Crime'}, {'id': 28, 'name': 'Action'}]",,517,[],en,Movie 517,Description,61.50998667127114,[],[],2007-07-24,294500000,97.19580116171903,[],Released,Tagline,Title 517,7.71492661685302,11179
131000000,"[{'id': 18, 'name': 'Drama'}, {'id': 16, 'name': 'Animation'}, {'id': 10751, 'name': 'Family'}]",,518,[],en,Movie 518,Description,2.7023992535158667,[],[],2007-08-06,2433700000,96.18156350224686,[],Released,Tagline,Title 518,6.3876201796064365,14446
291000000,"[{'id': 878, 'name': 'Science Fiction'}, {'id': 80, 'name': 'Crime'}, {'id': 10751, 'name': 'Family'}]",,519,[],en,Movie 519,Description,166.88790417895981,[],[],2007-08-18,585700000,110.75752559131351,[],Released,Tagline,Title 519,5.87520647247451,7215
69000000,"[{'id': 27, 'name': 'Horror'}]",,520,[],en,Movie 520,Description,18.39910680123485,[],[],2007-08-30,1199700000,196.82086202882834,[],Released,Tagline,Title 520,5.843620026378965,11011
251000000,"[{'id': 36, 'name': 'History'}]",,521,[],ja,Movie 521,Description,126.52024461011275,[],[],2007-09-12,2879000000,125.6140230649477,[],Released,Tagline,Title 521,4.972649874500266,359
274000000,"[{'id': 878, 'name': 'Science Fiction'}]",,522,[],en,Movie 522,Description,101.31091442117759,[],[],2007-09-24,1265300000,147.919380592303,[],Released,Tagline,Title 522,6.237057271434976,8891
181000000,"[{'id': 35, 'name': 'Comedy'}, {'id': 9648, 'name': 'Mystery'}]",,523,[],en,Movie 523,Description,105.81118242634388,[],[],2007-10-07,2422300000,164.51496828579758,[],Released,Tagline,Title 523,7.123177793440881,7636
166000000,"[{'id': 53, 'name': 'Thriller'}]",,524,[],en,Movie 524,Description,185.41585621624688,[],[],2007-10-19,607800000,169.06662026290525,[],Released,Tagline,Title 524,4.695774172591118,19739
90000000,"[{'id': 10749, 'name': 'Romance'}, {'id': 18, 'name': 'Drama'}, {'id': 36, 'name': 'History'}]",,525,[],en,Movie 525,Description,7.29138724297718,[],[],2007-11-01,13600000,162.56491596144258,[],Released,Tagline,Title 525,8.864064307351073,9047
201000000,"[{'id': 35, 'name': 'Comedy'}, {'id': 37, 'name': 'Western'}, {'id': 14, 'name': 'Fantasy'}]",,526,[],en,Movie 526,Description,154.9050527011257,[],[],2007-11-13,1577400000,120.43138318300697,[],Released,Tagline,Title 526,6.216405882133667,11869
18000000,"[{'id': 10751, 'name': 'Family'}, {'id': 99, 'name': 'Documentary'}]",,527,[],en,Movie 527,Description,11.358427275094119,[],[],2007-11-25,929300000,93.40733928272749,[],Released,Tagline,Title 527,8.739804583756975,19641
38000000,"[{'id': 878, 'name': 'Science Fiction'}, {'id': 37, 'name': 'Western'}]",,528,[],ko,Movie 528,Description,8.592567581140063,[],[],2007-12-08,2644800000,113.80597703998531,[],Released,Tagline,Title 528,4.673294633120926,11050
125000000,"[{'id': 9648, 'name': 'Mystery'}, {'id': 53, 'name': 'Thriller'}, {'id': 37, 'name': 'Western'}]",,529,[],en,Movie 529,Description,86.533721930135,[],[],2007-12-20,403400000,105.2354272123408,[],Released,Tagline,Title 529,7.836079765863401,16960
172000000,"[{'id': 18, 'name': 'Drama'}, {'id': 36, 'name': 'History'}]",,530,[],en,Movie 530,Description,13.551959694250378,[],[],2008-01-02,2308500000,96.35327658431801,[],Released,Tagline,Title 530,7.088190252717725,5383
140000000,"[{'id': 10752, 'name': 'War'}, {'id': 37, 'name': 'Western'}, {'id': 99, 'name': 'Documentary'}]",,531,[],en,Movie 531,Description,158.0396463072895,[],[],2008-01-14,2049800000,82.93960781019425,[],Released,Tagline,Title 531,8.100320597716854,9891
241000000,"[{'id': 14, 'name': 'Fantasy'}, {'id': 9648, 'name': 'Mystery'}]",,532,[],en,Movie 532,Description,106.38305563601911,[],[],2008-01-27,1417900000,192.2871018870097,[],Released,Tagline,Title 532,7.003389614776026,2459
219000000,"[{'id': 10752, 'name': 'War'}]",,533,[],en,Movie 533,Description,6.778717749295114,[],[],2008-02-08,2858900000,190.52412638544058,[],Released,Tagline,Title 533,8.81418316621403,7505
125000000,"[{'id': 16, 'name': 'Animation'}, {'id': 14, 'name': 'Fantasy'}]",,534,[],en,Movie 534,Description,9.059636609901982,[],[],2008-02-20,654700000,86.05004067562031,[],Released,Tagline,Title 534,7.134659154649288,17745
57000000,"[{'id': 12, 'name': 'Adventure'}]",,535,[],ja,Movie 535,Description,122.9210374181564,[],[],2008-03-04,839700000,100.77014873844821,[],Released,Tagline,Title 535,7.923020626722341,14457
147000000,"[{'id': 878, 'name': 'Science Fiction'}]",,536,[],en,Movie 536,Description,161.41625171402256,[],[],2008-03-16,2097900000,96.74005657553523,[],Released,Tagline,Title 536,8.387908862666837,6423
0,"[{'id': 10751, 'name': 'Family'}]",,537,[],es,Movie 537,Description,88.12210672367993,[],[],2008-03-29,1056400000,113.74675213058208,[],Released,Tagline,Title 537,7.572917356052301,6037
189000000,"[{'id': 16, 'name': 'Animation'}, {'id': 80, 'name': 'Crime'}]",,538,[],en,Movie 538,Description,111.36155363558926,[],[],2008-04-10,1288300000,104.48826445744893,[],Released,Tagline,Title 538,6.621183282815801,18066
190000000,"[{'id': 28, 'name': 'Action'}]",,539,[],en,Movie 539,Description,160.16606135593042,[],[],2008-04-23,1694600000,193.5024244877426,[],Released,Tagline,Title 539,5.364085393817102,11130
116000000,"[{'id': 12, 'name': 'Adventure'}, {'id': 37, 'name': 'Western'}, {'id': 10402, 'name': 'Music'}]",,540,[],en,Movie 540,Description,122.49072863432201,[],[],2008-05-05,2178500000,90.10045238722446,[],Released,Tagline,Title 540,8.272463066978347,17982
133000000,"[{'id': 27, 'name': 'Horror'}]",,541,[],en,Movie 541,Description,45.727287294105075,[],[],2008-05-17,2371800000,105.40049924054038,[],Released,Tagline,Title 541,6.402891263443392,13103
57000000,"[{'id': 18, 'name': 'Drama'}, {'id': 10402, 'name': 'Music'}, {'id': 35, 'name': 'Comedy'}]",,542,[],ko,Movie 542,Description,122.99735314802624,[],[],2008-05-30,331500000,89.68679654994973,[],Released,Tagline,Title 542,7.103541131675295,10678
43000000,"[{'id': 35, 'name': 'Comedy'}, {'id': 27, 'name': 'Horror'}, {'id': 28, 'name': 'Action'}]",,543,[],en,Movie 543,Description,126.02761235397749,[],[],2008-06-11,2034500000,197.64624183733235,[],Released,Tagline,Title 543,4.396132689404599,13079
172000000,"[{'id': 10749, 'name': 'Romance'}, {'id': 10752, 'name': 'War'}, {'id': 35, 'name': 'Comedy'}]",,544,[],en,Movie 544,Description,147.0872891953442,[],[],2008-06-24,2710300000,190.2096210916406,[],Released,Tagline,Title 544,6.486756615634249,2309
159000000,"[{'id': 10752, 'name': 'War'}]",,545,[],ko,Movie 545,Description,124.55396332380344,[],[],2008-07-06,1859600000,165.99579077184933,[],Released,Tagline,Title 545,7.490788220099225,12160
172000000,"[{'id': 18, 'name': 'Drama'}]",,546,[],ja,Movie 546,Description,193.87918396114955,[],[],2008-07-19,1875600000,131.1167638663896,[],Released,Tagline,Title 546,6.92035954966885,7328
148000000,"[{'id': 99, 'name': 'Documentary'}, {'id': 37, 'name': 'Western'}, {'id': 10749, 'name': 'Romance'}]",,547,[],de,Movie 547,Description,40.260373434696625,[],[],2008-07-31,2335900000,102.82137626287911,[],Released,Tagline,Title 547,6.2427742802285255,9400
79000000,"[{'id': 14, 'name': 'Fantasy'}, {'id': 27, 'name': 'Horror'}, {'id': 18, 'name': 'Drama'}]",,548,[],ko,Movie 548,Description,190.26704523384817,[],[],2008-08-12,1292800000,106.5787670024171,[],Released,Tagline,Title 548,5.117136583748346,8781
212000000,"[{'id': 10402, 'name': 'Music'}, {'id': 12, 'name': 'Adventure'}, {'id': 37, 'name': 'Western'}]",,549,[],en,Movie 549,Description,108.12955857965324,[],[],2008-08-25,268200000,133.16480102672136,[],Released,Tagline,Title 549,5.548351000450798,8296
202000000,"[{'id': 12, 'name': 'Adventure'}, {'id': 10402, 'name': 'Music'}, {'id': 18, 'name': 'Drama'}]",,550,[],es,Movie 550,Description,134.7192719584875,[],[],2008-09-06,280700000,172.1867205603778,[],Released,Tagline,Title 550,7.503121790811505,8367
251000000,"[{'id': 27, 'name': 'Horror'}, {'id': 878, 'name': 'Science Fiction'}]",,551,[],en,Movie 551,Description,20.79285789298578,[],[],2008-09-19,1196200000,111.76753951987507,[],Released,Tagline,Title 551,5.1209534941969945,5472
228000000,"[{'id': 35, 'name': 'Comedy'}, {'id': 878, 'name': 'Science Fiction'}, {'id': 36, 'name': 'History'}]",,552,[],ja,Movie 552,Description,76.7346123342433,[],[],2008-10-01,1864000000,117.2950295041576,[],Released,Tagline,Title 552,7.108633076544409,6250
163000000,"[{'id': 99, 'name': 'Documentary'}, {'id': 16, 'name': 'Animation'}]",,553,[],de,Movie 553,Description,154.10645014617134,[],[],2008-10-14,1260300000,151.99331496853648,[],Released,Tagline,Title 553,6.948688062781016,11020
226000000,"[{'id': 10402, 'name': 'Music'}, {'id': 10749, 'name': 'Romance'}]",,554,[],en,Movie 554,Description,141.6752920046991,[],[],2008-10-26,909300000,108.52752347339043,[],Released,Tagline,Title 554,8.85208739693432,16101
146000000,"[{'id': 35, 'name': 'Comedy'}, {'id': 10752, 'name': 'War'}]",,555,[],de,Movie 555,Description,8.987738244916628,[],[],2008-11-07,638300000,150.10623455513644,[],Released,Tagline,Title 555,4.303909212423349,16956
19000000,"[{'id': 27, 'name': 'Horror'}, {'id': 10752, 'name': 'War'}]",,556,[],en,Movie 556,Description,109.77225843595167,[],[],2008-11-20,994300000,126.45570719267414,[],Released,Tagline,Title 556,4.540613036480307,15247
46000000,"[{'id': 27, 'name': 'Horror'}]",,557,[],en,Movie 557,Description,18.56736040071348,[],[],2008-12-02,2128400000,84.12418470816176,[],Released,Tagline,Title 557,6.5304173282287845,17321
232000000,"[{'id': 18, 'name': 'Drama'}, {'id': 36, 'name': 'History'}]",,558,[],en,Movie 558,Description,199.1754294064543,[],[],2008-12-15,2787200000,128.32415434783567,[],Released,Tagline,Title 558,6.635549126768173,1286
13000000,"[{'id': 80, 'name': 'Crime'}, {'id': 10749, 'name': 'Romance'}, {'id': 18, 'name': 'Drama'}]",,559,[],ko,Movie 559,Description,179.56202111812564,[],[],2008-12-27,316000000,190.34303354229738,[],Released,Tagline,Title 559,4.199638294025856,6561
142000000,"[{'id': 18, 'name': 'Drama'}, {'id': 12, 'name': 'Adventure'}, {'id': 10402, 'name': 'Music'}]",,560,[],en,Movie 560,Description,5.195051425278854,[],[],2009-01-09,565700000,115.17342549601527,[],Released,Tagline,Title 560,8.12927710429726,17965
0,"[{'id': 9648, 'name': 'Mystery'}, {'id': 10751, 'name': 'Family'}]",,561,[],en,Movie 561,Description,171.87126620162354,[],[],2009-01-21,145300000,118.73988673237628,[],Released,Tagline,Title 561,6.473617490514479,11564
53000000,"[{'id': 35, 'name': 'Comedy'}]",,562,[],en,Movie 562,Description,183.9664905111231,[],[],2009-02-02,943600000,87.91290656711442,[],Released,Tagline,Title 562,5.733218733202644,14152
258000000,"[{'id': 12, 'name': 'Adventure'}]",,563,[],ko,Movie 563,Description,71.35609629012757,[],[],2009-02-15,1870700000,153.80569382831533,[],Released,Tagline,Title 563,5.594268853074379,7432
143000000,"[{'id': 80, 'name': 'Crime'}]",,564,[],en,Movie 564,Description,144.18082935450542,[],[],2009-02-27,986300000,181.90908371580065,[],Released,Tagline,Title 564,8.307035907770906,16715
11000000,"[{'id': 53, 'name': 'Thriller'}, {'id': 35, 'name': 'Comedy'}, {'id': 10402, 'name': 'Music'}]",,565,[],de,Movie 565,Description,88.978645495348,[],[],2009-03-12,1022000000,122.3507471711722,[],Released,Tagline,Title 565,4.9836643321409015,427
223000000,"[{'id': 10749, 'name': 'Romance'}]",,566,[],ja,Movie 566,Description,131.39126443069247,[],[],2009-03-24,2348200000,108.82946690239862,[],Released,Tagline,Title 566,4.802088527163046,5339
271000000,"[{'id': 37, 'name': 'Western'}]",,567,[],en,Movie 567,Description,68.7231634553401,[],[],2009-04-06,176900000,194.79342249966305,[],Released,Tagline,Title 567,5.065892646116415,17433
155000000,"[{'id': 14, 'name': 'Fantasy'}, {'id': 53, 'name': 'Thriller'}]",,568,[],en,Movie 568,Description,65.1892880900204,[],[],2009-04-18,609700000,169.40871375097862,[],Released,Tagline,Title 568,7.125112738259818,10178
7000000,"[{'id': 12, 'name': 'Adventure'}, {'id': 53, 'name': 'Thriller'}, {'id': 80, 'name': 'Crime'}]",,569,[],fr,Movie 569,Description,85.46234388265823,[],[],2009-04-30,518600000,148.05962711399175,[],Released,Tagline,Title 569,8.054654278142046,7138
121000000,"[{'id': 10402, 'name': 'Music'}]",,570,[],ko,Movie 570,Description,29.96798397184773,[],[],2009-05-13,1185600000,116.66373996138609,[],Released,Tagline,Title 570,5.654893468940898,8148
163000000,"[{'id': 35, 'name': 'Comedy'}, {'id': 53, 'name': 'Thriller'}]",,571,[],de,Movie 571,Description,166.39665392264115,[],[],2009-05-25,1049500000,106.4957621571681,[],Released,Tagline,Title 571,4.867309990574064,15054
89000000,"[{'id': 14, 'name': 'Fantasy'}, {'id': 27, 'name': 'Horror'}, {'id': 10749, 'name': 'Romance'}]",,572,[],en,Movie 572,Description,70.39088117696569,[],[],2009-06-07,1446100000,165.88928468005605,[],Released,Tagline,Title 572,5.045970838143102,2397
135000000,"[{'id': 28, 'name': 'Action'}, {'id': 10752, 'name': 'War'}, {'id': 18, 'name': 'Drama'}]",,573,[],ja,Movie 573,Description,80.62976122726319,[],[],2009-06-19,117000000,142.6146580564813,[],Released,Tagline,Title 573,7.095918892589255,17791
185000000,"[{'id': 80, 'name': 'Crime'}, {'id': 10749, 'name': 'Romance'}]",,574,[],en,Movie 574,Description,178.91686792772677,[],[],2009-07-02,2109500000,142.47197801635772,[],Released,Tagline,Title 574,5.23017613107115,12803
177000000,"[{'id': 10752, 'name': 'War'}, {'id': 27, 'name': 'Horror'}]",,575,[],en,Movie 575,Description,99.8281389985711,[],[],2009-07-14,2700900000,88.84517824066926,[],Released,Tagline,Title 575,8.386401156756834,2879
27000000,"[{'id': 35, 'name': 'Comedy'}, {'id': 27, 'name': 'Horror'}, {'id': 10751, 'name': 'Family'}]",,576,[],es,Movie 576,Description,109.30652796082173,[],[],2009-07-26,659100000,141.46333721115272,[],Released,Tagline,Title 576,4.51945677207157,13806
219000000,"[{'id': 53, 'name': 'Thriller'}]",,577,[],en,Movie 577,Description,191.3431268306426,[],[],2009-08-08,1677100000,178.72928372473925,[],Released,Tagline,Title 577,4.161842670027601,13325
40000000,"[{'id': 80, 'name': 'Crime'}, {'id': 12, 'name': 'Adventure'}, {'id': 10749, 'name': 'Romance'}]",,578,[],de,Movie 578,Description,177.45855024585285,[],[],2009-08-20,1881500000,193.6159133354911,[],Released,Tagline,Title 578,4.4418912298045194,7418
227000000,"[{'id': 10749, 'name': 'Romance'}]",,579,[],en,Movie 579,Description,34.723875068799465,[],[],2009-09-02,2792500000,92.80188769780821,[],Released,Tagline,Title 579,8.228215601931602,19820
191000000,"[{'id': 36, 'name': 'History'}, {'id': 35, 'name': 'Comedy'}, {'id': 99, 'name': 'Documentary'}]",,580,[],ja,Movie 580,Description,95.1697909537029,[],[],2009-09-14,1779000000,155.7398252838885,[],Released,Tagline,Title 580,7.256147598328305,13631
144000000,"[{'id': 37, 'name': 'Western'}, {'id': 10751, 'name': 'Family'}, {'id': 10752, 'name': 'War'}]",,581,[],en,Movie 581,Description,194.28794925828055,[],[],2009-09-27,12400000,148.2016700957896,[],Released,Tagline,Title 581,8.788723165586251,5435
200000000,"[{'id': 35, 'name': 'Comedy'}]",,582,[],en,Movie 582,Description,75.10089334749193,[],[],2009-10-09,2038200000,186.837498913777,[],Released,Tagline,Title 582,5.681482706348788,9630
211000000,"[{'id': 9648, 'name': 'Mystery'}]",,583,[],es,Movie 583,Description,74.94304859472382,[],[],2009-10-21,1562700000,170.14928362218458,[],Released,Tagline,Title 583,5.063390640048497,7602
219000000,"[{'id': 80, 'name': 'Crime'}, {'id': 10749, 'name': 'Romance'}]",,584,[],en,Movie 584,Description,39.811016126041714,[],[],2009-11-03,591000000,195.83142429983758,[],Released,Tagline,Title 584,6.809876196568746,1749
239000000,"[{'id': 18, 'name': 'Drama'}]",,585,[],en,Movie 585,Description,23.750299709705917,[],[],2009-11-15,2802900000,195.20390450983956,[],Released,Tagline,Title 585,6.689141395633743,13572
45000000,"[{'id': 37, 'name': 'Western'}, {'id': 10749, 'name': 'Romance'}, {'id': 99, 'name': 'Documentary'}]",,586,[],ko,Movie 586,Description,148.32065336044036,[],[],2009-11-28,389700000,107.0822112014265,[],Released,Tagline,Title 586,6.9551199409766085,2962
34000000,"[{'id': 12, 'name': 'Adventure'}, {'id': 99, 'name': 'Documentary'}]",,587,[],en,Movie 587,Description,154.23606327160178,[],[],2009-12-10,2620100000,167.04210462805065,[],Released,Tagline,Title 587,5.737669313301744,1017
252000000,"[{'id': 10749, 'name': 'Romance'}]",,588,[],ko,Movie 588,Description,193.83357973709698,[],[],2009-12-23,806700000,143.66277096378732,[],Released,Tagline,Title 588,4.029484700183934,12544
81000000,"[{'id': 14, 'name': 'Fantasy'}]",,589,[],en,Movie 589,Description,154.91022397016724,[],[],2010-01-04,937400000,105.75223942583665,[],Released,Tagline,Title 589,4.175158264703084,8453
255000000,"[{'id': 37, 'name': 'Western'}]",,590,[],en,Movie 590,Description,49.42714631268614,[],[],2010-01-16,1711200000,103.3842898660881,[],Released,Tagline,Title 590,7.3191323071125645,5549
196000000,"[{'id': 27, 'name': 'Horror'}, {'id': 37, 'name': 'Western'}, {'id': 10749, 'name': 'Romance'}]",,591,[],de,Movie 591,Description,8.983199079414575,[],[],2010-01-29,704000000,89.73012095195438,[],Released,Tagline,Title 591,6.616290240777407,2911
9000000,"[{'id': 53, 'name': 'Thriller'}, {'id': 10749, 'name': 'Romance'}, {'id': 28, 'name': 'Action'}]",,592,[],en,Movie 592,Description,197.10203948956237,[],[],2010-02-10,1207700000,175.46543317024268,[],Released,Tagline,Title 592,8.105056298256368,3521
285000000,"[{'id': 9648, 'name': 'Mystery'}]",,593,[],en,Movie 593,Description,68.74968841317754,[],[],2010-02-23,2410000000,118.94057367440115,[],Released,Tagline,Title 593,5.502049293933984,9390
241000000,"[{'id': 10752, 'name': 'War'}, {'id': 18, 'name': 'Drama'}, {'id': 28, 'name': 'Action'}]",,594,[],en,Movie 594,Description,63.08233694405173,[],[],2010-03-07,367100000,182.83626023947596,[],Released,Tagline,Title 594,8.077361186155876,2821
250000000,"[{'id': 27, 'name': 'Horror'}, {'id': 10749, 'name': 'Romance'}]",,595,[],es,Movie 595,Description,181.28508674012713,[],[],2010-03-20,1752600000,152.99784392278576,[],Released,Tagline,Title 595,6.127457067257716,10992
4000000,"[{'id': 27, 'name': 'Horror'}]",,596,[],en,Movie 596,Description,117.43487981045224,[],[],2010-04-01,1056800000,160.8360025806153,[],Released,Tagline,Title 596,4.483491927731686,19737
118000000,"[{'id': 28, 'name': 'Action'}, {'id': 27, 'name': 'Horror'}]",,597,[],en,Movie 597,Description,43.75936359597778,[],[],2010-04-13,2041600000,115.0008499532236,[],Released,Tagline,Title 597,8.889557812953472,15356
288000000,"[{'id': 14, 'name': 'Fantasy'}]",,598,[],en,Movie 598,Description,177.93015230053166,[],[],2010-04-26,1503000000,134.87531352748204,[],Released,Tagline,Title 598,6.559679645727599,888
64000000,"[{'id': 37, 'name': 'Western'}]",,599,[],en,Movie 599,Description,198.67881015589393,[],[],2010-05-08,1579400000,129.478109369975,[],Released,Tagline,Title 599,7.147392569811732,16740
145000000,"[{'id': 878, 'name': 'Science Fiction'}]",,600,[],en,Movie 600,Description,18.249033669015315,[],[],2010-05-21,855100000,108.28263967095214,[],Released,Tagline,Title 600,7.35398593244784,4125
223000000,"[{'id': 99, 'name': 'Documentary'}]",,601,[],en,Movie 601,Description,172.58807403219495,[],[],2010-06-02,1533900000,179.9014602232151,[],Released,Tagline,Title 601,5.812061261134403,6841
238000000,"[{'id': 53, 'name': 'Thriller'}, {'id': 99, 'name': 'Documentary'}, {'id': 80, 'name': 'Crime'}]",,602,[],en,Movie 602,Description,78.7126238391944,[],[],2010-06-15,2012700000,154.65014069679455,[],Released,Tagline,Title 602,7.737641599310686,3754
176000000,"[{'id': 18, 'name': 'Drama'}, {'id': 27, 'name': 'Horror'}]",,603,[],en,Movie 603,Description,105.29041685483416,[],[],2010-06-27,1922900000,84.49183729436842,[],Released,Tagline,Title 603,8.351332326755085,13680
266000000,"[{'id': 878, 'name': 'Science Fiction'}]",,604,[],en,Movie 604,Description,183.04837917723117,[],[],2010-07-09,2911500000,178.3900423254426,[],Released,Tagline,Title 604,5.935934882069294,7760
281000000,"[{'id': 9648, 'name': 'Mystery'}, {'id': 80, 'name': 'Crime'}]",,605,[],en,Movie 605,Description,194.70245995924833,[],[],2010-07-22,1859600000,92.72453072343097,[],Released,Tagline,Title 605,7.2850044331577415,3351
62000000,"[{'id': 10751, 'name': 'Family'}]",,606,[],en,Movie 606,Description,53.17061817135108,[],[],2010-08-03,97300000,128.4435720239071,[],Released,Tagline,Title 606,7.785619119886047,5368
216000000,"[{'id': 878, 'name': 'Science Fiction'}, {'id': 10749, 'name': 'Romance'}]",,607,[],ja,Movie 607,Description,43.35730342102284,[],[],2010-08-16,36100000,148.55082819564535,[],Released,Tagline,Title 607,4.950629488445406,11881
282000000,"[{'id': 10749, 'name': 'Romance'}, {'id': 14, 'name': 'Fantasy'}, {'id': 80, 'name': 'Crime'}]",,608,[],en,Movie 608,Description,17.02279515971086,[],[],2010-08-28,263300000,80.91814947934616,[],Released,Tagline,Title 608,5.662980421979837,13589
176000000,"[{'id': 10402, 'name': 'Music'}]",,609,[],en,Movie 609,Description,112.79777267976546,[],[],2010-09-10,319100000,158.34897265315232,[],Released,Tagline,Title 609,4.543979231904775,15231
97000000,"[{'id': 10402, 'name': 'Music'}, {'id': 12, 'name': 'Adventure'}, {'id': 35, 'name': 'Comedy'}]",,610,[],en,Movie 610,Description,3.707274694682986,[],[],2010-09-22,494900000,159.16435274723085,[],Released,Tagline,Title 610,7.011042321241018,7662
104000000,"[{'id': 35, 'name': 'Comedy'}]",,611,[],en,Movie 611,Description,82.96776122437738,[],[],2010-10-04,1534700000,158.3031580559176,[],Released,Tagline,Title 611,8.004688479104281,16087
98000000,"[{'id': 35, 'name': 'Comedy'}]",,612,[],de,Movie 612,Description,15.603419313749702,[],[],2010-10-17,1555500000,99.61615257275326,[],Released,Tagline,Title 612,7.054193282924668,14491
5000000,"[{'id': 14, 'name': 'Fantasy'}, {'id': 99, 'name': 'Documentary'}, {'id': 27, 'name': 'Horror'}]",,613,[],ko,Movie 613,Description,81.63993080293746,[],[],2010-10-29,1800900000,110.68787921282592,[],Released,Tagline,Title 613,4.89891915488522,2252
196000000,"[{'id': 37, 'name': 'Western'}]",,614,[],en,Movie 614,Description,8.946505663856243,[],[],2010-11-11,1212100000,109.68509834392883,[],Released,Tagline,Title 614,6.731842455130687,8838
132000000,"[{'id': 14, 'name': 'Fantasy'}]",,615,[],en,Movie 615,Description,167.208234861145,[],[],2010-11-23,1814100000,195.20803798155646,[],Released,Tagline,Title 615,8.174670742632049,7988
258000000,"[{'id': 99, 'name': 'Documentary'}]",,616,[],en,Movie 616,Description,42.73805979377461,[],[],2010-12-06,781900000,88.10338246710528,[],Released,Tagline,Title 616,5.513623980391095,10196
22000000,"[{'id': 10751, 'name': 'Family'}]",,617,[],en,Movie 617,Description,66.33343336122448,[],[],2010-12-18,512000000,131.45138092442048,[],Released,Tagline,Title 617,8.163257511263202,5574
52000000,"[{'id': 9648, 'name': 'Mystery'}]",,618,[],ja,Movie 618,Description,174.13955132467197,[],[],2010-12-30,2241100000,184.5504686984233,[],Released,Tagline,Title 618,7.92311641884994,588
164000000,"[{'id': 16, 'name': 'Animation'}]",,619,[],en,Movie 619,Description,149.50694620510882,[],[],2011-01-12,2481700000,172.33591933372594,[],Released,Tagline,Title 619,4.108704039183374,18306
201000000,"[{'id': 53, 'name': 'Thriller'}]",,620,[],en,Movie 620,Description,44.588633966769635,[],[],2011-01-24,1295400000,178.6930549578712,[],Released,Tagline,Title 620,5.197274070427509,5722
82000000,"[{'id': 10751, 'name': 'Family'}, {'id': 99, 'name': 'Documentary'}, {'id': 80, 'name': 'Crime'}]",,621,[],en,Movie 621,Description,15.307984312841715,[],[],2011-02-06,1490100000,196.67523009467996,[],Released,Tagline,Title 621,6.714712028988629,19605
144000000,"[{'id': 36, 'name': 'History'}, {'id': 10402, 'name': 'Music'}, {'id': 28, 'name': 'Action'}]",,622,[],fr,Movie 622,Description,143.41908159421257,[],[],2011-02-18,2983800000,126.47141747278266,[],Released,Tagline,Title 622,7.588086850096296,3874
84000000,"[{'id': 99, 'name': 'Documentary'}, {'id': 878, 'name': 'Science Fiction'}]",,623,[],en,Movie 623,Description,78.74980758693376,[],[],2011-03-03,2336000000,117.15863292565534,[],Released,Tagline,Title 623,8.402652628264146,6546
77000000,"[{'id': 18, 'name': 'Drama'}]",,624,[],ko,Movie 624,Description,153.44991982452603,[],[],2011-03-15,97600000,83.67913881802367,[],Released,Tagline,Title 624,7.205211591339472,19936
0,"[{'id': 10749, 'name': 'Romance'}]",,625,[],en,Movie 625,Description,89.61365970266688,[],[],2011-03-27,1626600000,98.00232341478345,[],Released,Tagline,Title 625,5.901720856247696,8672
50000000,"[{'id': 99, 'name': 'Documentary'}, {'id': 35, 'name': 'Comedy'}, {'id': 9648, 'name': 'Mystery'}]",,626,[],en,Movie 626,Description,69.854480181483,[],[],2011-04-09,431900000,147.44175854516288,[],Released,Tagline,Title 626,4.923136033686577,7933
172000000,"[{'id': 878, 'name': 'Science Fiction'}]",,627,[],fr,Movie 627,Description,90.78987623426691,[],[],2011-04-21,2230800000,98.91927140640081,[],Released,Tagline,Title 627,7.800179277312157,10358
204000000,"[{'id': 10402, 'name': 'Music'}, {'id': 28, 'name': 'Action'}, {'id': 14, 'name': 'Fantasy'}]",,628,[],en,Movie 628,Description,149.96323814846465,[],[],2011-05-04,231400000,168.35660191770927,[],Released,Tagline,Title 628,5.033907796620601,12516
259000000,"[{'id': 80, 'name': 'Crime'}]",,629,[],en,Movie 629,Description,180.54183702153446,[],[],2011-05-16,2588200000,84.4679125899125,[],Released,Tagline,Title 629,7.4771526073412495,4987
287000000,"[{'id': 9648, 'name': 'Mystery'}, {'id': 12, 'name': 'Adventure'}]",,630,[],en,Movie 630,Description,10.903672121126531,[],[],2011-05-29,1717200000,111.13856278854583,[],Released,Tagline,Title 630,4.906058086856037,19474
33000000,"[{'id': 18, 'name': 'Drama'}, {'id': 10752, 'name': 'War'}]",,631,[],en,Movie 631,Description,105.29819670416407,[],[],2011-06-10,1881300000,163.45437480661863,[],Released,Tagline,Title 631,4.455269251547322,19931
94000000,"[{'id': 35, 'name': 'Comedy'}, {'id': 80, 'name': 'Crime'}]",,632,[],en,Movie 632,Description,7.5342503876916425,[],[],2011-06-22,874800000,110.66033890868766,[],Released,Tagline,Title 632,5.255501118532672,16705
71000000,"[{'id': 14, 'name': 'Fantasy'}]",,633,[],ko,Movie 633,Description,94.21349945984738,[],[],2011-07-05,1030200000,167.45125570693568,[],Released,Tagline,Title 633,5.424649027625572,15784
38000000,"[{'id': 12, 'name': 'Adventure'}, {'id': 10749, 'name': 'Romance'}, {'id': 37, 'name': 'Western'}]",,634,[],en,Movie 634,Description,177.17128299028317,[],[],2011-07-17,1504900000,199.5036650516842,[],Released,Tagline,Title 634,7.23604567247455,717
153000000,"[{'id': 37, 'name': 'Western'}, {'id': 18, 'name': 'Drama'}]",,635,[],de,Movie 635,Description,72.95646301764162,[],[],2011-07-30,1313500000,175.65007465389243,[],Released,Tagline,Title 635,4.804416838710295,13736
249000000,"[{'id': 12, 'name': 'Adventure'}, {'id': 16, 'name': 'Animation'}, {'id': 18, 'name': 'Drama'}]",,636,[],en,Movie 636,Description,186.55763379504802,[],[],2011-08-11,666500000,121.0202550513203,[],Released,Tagline,Title 636,8.65153456493444,2670
161000000,"[{'id': 10751, 'name': 'Family'}, {'id': 28, 'name': 'Action'}]",,637,[],en,Movie 637,Description,126.49108585847127,[],[],2011-08-24,1338300000,188.07102807539135,[],Released,Tagline,Title 637,6.771808431711367,6409
117000000,"[{'id': 12, 'name': 'Adventure'}]",,638,[],en,Movie 638,Description,186.89691341480827,[],[],2011-09-05,1084200000,86.14156828018513,[],Released,Tagline,Title 638,6.454658654082327,19239
258000000,"[{'id': 14, 'name': 'Fantasy'}]",,639,[],ko,Movie 639,Description,151.67615845709142,[],[],2011-09-17,2613600000,167.00081893367746,[],Released,Tagline,Title 639,6.173472571541838,2890
267000000,"[{'id': 36, 'name': 'History'}, {'id': 10751, 'name': 'Family'}]",,640,[],fr,Movie 640,Description,21.583598163103694,[],[],2011-09-30,1242800000,82.79867978752101,[],Released,Tagline,Title 640,6.833006734750955,7926
53000000,"[{'id': 10402, 'name': 'Music'}, {'id': 99, 'name': 'Documentary'}, {'id': 16, 'name': 'Animation'}]",,641,[],fr,Movie 641,Description,46.99912214497274,[],[],2011-10-12,748400000,100.9466594428358,[],Released,Tagline,Title 641,4.112234835808912,12234
235000000,"[{'id': 10751, 'name': 'Family'}]",,642,[],en,Movie 642,Description,79.43992046211773,[],[],2011-10-25,136400000,198.51028898462894,[],Released,Tagline,Title 642,8.950431872895411,19793
221000000,"[{'id': 10751, 'name': 'Family'}, {'id': 36, 'name': 'History'}]",,643,[],en,Movie 643,Description,34.85126952040313,[],[],2011-11-06,396000000,123.30618949931684,[],Released,Tagline,Title 643,6.787621880971329,4154
250000000,"[{'id': 35, 'name': 'Comedy'}, {'id': 10402, 'name': 'Music'}, {'id': 36, 'name': 'History'}]",,644,[],en,Movie 644,Description,99.48740935055544,[],[],2011-11-19,2516600000,178.45992537970864,[],Released,Tagline,Title 644,4.175975010700889,16190
111000000,"[{'id': 37, 'name': 'Western'}, {'id': 16, 'name': 'Animation'}]",,645,[],ko,Movie 645,Description,94.80226298459662,[],[],2011-12-01,175000000,125.13040554027225,[],Released,Tagline,Title 645,6.949888023498,7781
254000000,"[{'id': 878, 'name': 'Science Fiction'}, {'id': 10752, 'name': 'War'}, {'id': 9648, 'name': 'Mystery'}]",,646,[],en,Movie 646,Description,191.29558040744888,[],[],2011-12-13,2305600000,180.80341409573788,[],Released,Tagline,Title 646,6.185393791448394,15669
206000000,"[{'id': 35, 'name': 'Comedy'}, {'id': 10402, 'name': 'Music'}]",,647,[],en,Movie 647,Description,87.31184869629958,[],[],2011-12-26,54100000,195.8527472152129,[],Released,Tagline,Title 647,4.120188483332044,6608
228000000,"[{'id': 36, 'name': 'History'}]",,648,[],en,Movie 648,Description,157.33973405331156,[],[],2012-01-07,763500000,132.2643492103,[],Released,Tagline,Title 648,8.622143760787365,16708
65000000,"[{'id': 27, 'name': 'Horror'}, {'id': 9648, 'name': 'Mystery'}, {'id': 28, 'name': 'Action'}]",,649,[],en,Movie 649,Description,188.4401984254445,[],[],2012-01-20,1061500000,147.1219030217935,[],Released,Tagline,Title 649,4.052834360369067,10533
74000000,"[{'id': 80, 'name': 'Crime'}, {'id': 28, 'name': 'Action'}, {'id': 10752, 'name': 'War'}]",,650,[],en,Movie 650,Description,175.52077736382313,[],[],2012-02-01,2486700000,155.43673879562812,[],Released,Tagline,Title 650,6.889358384389107,12444
102000000,"[{'id': 12, 'name': 'Adventure'}, {'id': 10749, 'name': 'Romance'}, {'id': 10752, 'name': 'War'}]",,651,[],ja,Movie 651,Description,42.524857277806774,[],[],2012-02-14,1028300000,192.18017626102824,[],Released,Tagline,Title 651,8.80895373813112,11988
191000000,"[{'id': 14, 'name': 'Fantasy'}, {'id': 9648, 'name': 'Mystery'}]",,652,[],en,Movie 652,Description,99.7099489564553,[],[],2012-02-26,2032000000,110.80929049214694,[],Released,Tagline,Title 652,5.18802248491513,19834
251000000,"[{'id': 10749, 'name': 'Romance'}]",,653,[],ja,Movie 653,Description,70.20021667688921,[],[],2012-03-09,395900000,153.3499247400472,[],Released,Tagline,Title 653,5.270895371217984,3927
225000000,"[{'id': 99, 'name': 'Documentary'}, {'id': 18, 'name': 'Drama'}, {'id': 14, 'name': 'Fantasy'}]",,654,[],es,Movie 654,Description,80.57188033230588,[],[],2012-03-22,1541300000,118.9664273867771,[],Released,Tagline,Title 654,4.002115642800762,17887
293000000,"[{'id': 99, 'name': 'Documentary'}]",,655,[],en,Movie 655,Description,72.80055842290449,[],[],2012-04-03,386000000,106.03198162189034,[],Released,Tagline,Title 655,4.331755859939904,16357
97000000,"[{'id': 36, 'name': 'History'}, {'id': 27, 'name': 'Horror'}]",,656,[],en,Movie 656,Description,165.44548282482583,[],[],2012-04-16,805100000,90.19044068278569,[],Released,Tagline,Title 656,4.22444205788544,16893
285000000,"[{'id': 10749, 'name': 'Romance'}]",,657,[],en,Movie 657,Description,90.97567196936704,[],[],2012-04-28,2583200000,154.48530364831385,[],Released,Tagline,Title 657,8.113281418442128,2016
248000000,"[{'id': 16, 'name': 'Animation'}, {'id': 27, 'name': 'Horror'}, {'id': 12, 'name': 'Adventure'}]",,658,[],ko,Movie 658,Description,105.21517211669295,[],[],2012-05-11,2171600000,185.8502574645882,[],Released,Tagline,Title 658,8.183687849724596,2959
165000000,"[{'id': 10751, 'name': 'Family'}]",,659,[],en,Movie 659,Description,196.50702405236785,[],[],2012-05-23,2458400000,122.16714666134152,[],Released,Tagline,Title 659,7.633500420922614,7172
29000000,"[{'id': 10752, 'name': 'War'}, {'id': 37, 'name': 'Western'}]",,660,[],en,Movie 660,Description,12.935875166111773,[],[],2012-06-04,1804200000,146.3202243431573,[],Released,Tagline,Title 660,5.76372506258546,15623
246000000,"[{'id': 10749, 'name': 'Romance'}, {'id': 10752, 'name': 'War'}, {'id': 80, 'name': 'Crime'}]",,661,[],en,Movie 661,Description,98.103570318359,[],[],2012-06-17,2915500000,157.0560554352939,[],Released,Tagline,Title 661,8.10627224944421,2151
105000000,"[{'id': 99, 'name': 'Documentary'}]",,662,[],en,Movie 662,Description,155.0382796822771,[],[],2012-06-29,618600000,129.75802133542447,[],Released,Tagline,Title 662,6.6988726012144095,8314
50000000,"[{'id': 14, 'name': 'Fantasy'}, {'id': 12, 'name': 'Adventure'}]",,663,[],en,Movie 663,Description,31.08122967945708,[],[],2012-07-12,2081300000,188.40174204392696,[],Released,Tagline,Title 663,5.5215513823996165,3068
80000000,"[{'id': 878, 'name': 'Science Fiction'}, {'id': 16, 'name': 'Animation'}]",,664,[],en,Movie 664,Description,122.69478732834001,[],[],2012-07-24,2583300000,123.53061934414119,[],Released,Tagline,Title 664,6.186383845571952,9036
132000000,"[{'id': 18, 'name': 'Drama'}, {'id': 53, 'name': 'Thriller'}]",,665,[],de,Movie 665,Description,48.65349112735888,[],[],2012-08-06,2362200000,95.00129841078123,[],Released,Tagline,Title 665,4.328838849172878,701
284000000,"[{'id': 28, 'name': 'Action'}, {'id': 12, 'name': 'Adventure'}, {'id': 9648, 'name': 'Mystery'}]",,666,[],es,Movie 666,Description,173.61341853168895,[],[],2012-08-18,2852700000,97.28244296620394,[],Released,Tagline,Title 666,8.724543433749568,15551
137000000,"[{'id': 10752, 'name': 'War'}]",,667,[],en,Movie 667,Description,66.09283341461578,[],[],2012-08-31,1742400000,186.90291374092553,[],Released,Tagline,Title 667,7.095582086759201,13357
183000000,"[{'id': 27, 'name': 'Horror'}, {'id': 36, 'name': 'History'}]",,668,[],en,Movie 668,Description,66.483500563281,[],[],2012-09-12,1850100000,198.56096514175516,[],Released,Tagline,Title 668,7.656170724652864,5374
272000000,"[{'id': 28, 'name': 'Action'}]",,669,[],ja,Movie 669,Description,120.04058182506081,[],[],2012-09-24,1438900000,114.67254206860603,[],Released,Tagline,Title 669,7.382916852099383,18326
68000000,"[{'id': 36, 'name': 'History'}, {'id': 35, 'name': 'Comedy'}]",,670,[],en,Movie 670,Description,37.52901871586184,[],[],2012-10-07,887700000,97.23232707856538,[],Released,Tagline,Title 670,7.3387499226049036,10966
33000000,"[{'id': 10751, 'name': 'Family'}, {'id': 878, 'name': 'Science Fiction'}]",,671,[],ja,Movie 671,Description,57.69283914170915,[],[],2012-10-19,401900000,137.86547381074513,[],Released,Tagline,Title 671,4.0863049274862,12468
261000000,"[{'id': 27, 'name': 'Horror'}]",,672,[],en,Movie 672,Description,83.90973817376289,[],[],2012-11-01,2966600000,165.14336762919174,[],Released,Tagline,Title 672,6.626856398924233,19146
52000000,"[{'id': 27, 'name': 'Horror'}, {'id': 28, 'name': 'Action'}]",,673,[],en,Movie 673,Description,71.37393476488197,[],[],2012-11-13,999000000,153.48834897235665,[],Released,Tagline,Title 673,8.10855114312767,8774
204000000,"[{'id': 12, 'name': 'Adventure'}]",,674,[],en,Movie 674,Description,105.4505663831109,[],[],2012-11-26,2393100000,194.1329818499135,[],Released,Tagline,Title 674,4.222594257058,19123
125000000,"[{'id': 10752, 'name': 'War'}, {'id': 36, 'name': 'History'}]",,675,[],en,Movie 675,Description,120.32838866972429,[],[],2012-12-08,1820900000,178.1333460765954,[],Released,Tagline,Title 675,8.780828419441352,15562
234000000,"[{'id': 27, 'name': 'Horror'}, {'id': 16, 'name': 'Animation'}, {'id': 99, 'name': 'Documentary'}]",,676,[],ja,Movie 676,Description,113.76682329628275,[],[],2012-12-20,1991900000,184.27665980768023,[],Released,Tagline,Title 676,6.120798415029945,11603
42000000,"[{'id': 12, 'name': 'Adventure'}, {'id': 9648, 'name': 'Mystery'}]",,677,[],en,Movie 677,Description,131.17949408639453,[],[],2013-01-02,2305500000,145.00005906188844,[],Released,Tagline,Title 677,5.4494774602568565,15724
239000000,"[{'id': 10402, 'name': 'Music'}]",,678,[],en,Movie 678,Description,62.242153804956224,[],[],2013-01-14,2463900000,119.273023199774,[],Released,Tagline,Title 678,6.659106808209714,14470
110000000,"[{'id': 53, 'name': 'Thriller'}, {'id': 14, 'name': 'Fantasy'}, {'id': 10402, 'name': 'Music'}]",,679,[],en,Movie 679,Description,26.15881920385058,[],[],2013-01-27,845300000,164.20832125526948,[],Released,Tagline,Title 679,8.006070939215181,5468
248000000,"[{'id': 53, 'name': 'Thriller'}, {'id': 27, 'name': 'Horror'}]",,680,[],es,Movie 680,Description,152.40070074478433,[],[],2013-02-08,357200000,132.68636479416742,[],Released,Tagline,Title 680,6.373775308843188,12667
150000000,"[{'id': 16, 'name': 'Animation'}, {'id': 878, 'name': 'Science Fiction'}]",,681,[],en,Movie 681,Description,170.30529614350573,[],[],2013-02-21,1957700000,114.53050886747894,[],Released,Tagline,Title 681,7.225528382931959,3925
182000000,"[{'id': 27, 'name': 'Horror'}, {'id': 28, 'name': 'Action'}]",,682,[],es,Movie 682,Description,52.144240212264016,[],[],2013-03-05,2133800000,98.2724822806757,[],Released,Tagline,Title 682,6.4995719393343,10491
94000000,"[{'id': 14, 'name': 'Fantasy'}, {'id': 36, 'name': 'History'}, {'id': 878, 'name': 'Science Fiction'}]",,683,[],en,Movie 683,Description,82.01129927544594,[],[],2013-03-17,2993600000,143.34490494674748,[],Released,Tagline,Title 683,7.156361283205795,9974
7000000,"[{'id': 18, 'name': 'Drama'}]",,684,[],en,Movie 684,Description,100.2152741757475,[],[],2013-03-30,968100000,151.31042806399023,[],Released,Tagline,Title 684,4.690154575983183,3708
183000000,"[{'id': 36, 'name': 'History'}, {'id': 28, 'name': 'Action'}]",,685,[],de,Movie 685,Description,107.13204170783435,[],[],2013-04-11,2570700000,148.254281918501,[],Released,Tagline,Title 685,4.1933169308905,6978
280000000,"[{'id': 27, 'name': 'Horror'}, {'id': 10402, 'name': 'Music'}]",,686,[],en,Movie 686,Description,132.2385440464427,[],[],2013-04-24,1431900000,93.98580361202649,[],Released,Tagline,Title 686,4.684507028486964,1118
194000000,"[{'id': 9648, 'name': 'Mystery'}, {'id': 10752, 'name': 'War'}, {'id': 36, 'name': 'History'}]",,687,[],en,Movie 687,Description,9.279043437708948,[],[],2013-05-06,2066000000,148.39847834464916,[],Released,Tagline,Title 687,5.429190723319644,17795
194000000,"[{'id': 80, 'name': 'Crime'}, {'id': 12, 'name': 'Adventure'}, {'id': 16, 'name': 'Animation'}]",,688,[],en,Movie 688,Description,144.57393946406938,[],[],2013-05-19,1673900000,100.20969281661692,[],Released,Tagline,Title 688,5.266780312240535,9710
154000000,"[{'id': 10752, 'name': 'War'}, {'id': 37, 'name': 'Western'}]",,689,[],en,Movie 689,Description,13.332230388902644,[],[],2013-05-31,503000000,159.64569985417629,[],Released,Tagline,Title 689,7.0758767483032345,2600
92000000,"[{'id': 99, 'name': 'Documentary'}]",,690,[],en,Movie 690,Description,94.1894249669007,[],[],2013-06-12,1566900000,131.526079599864,[],Released,Tagline,Title 690,6.279447120671205,2767
159000000,"[{'id': 18, 'name': 'Drama'}, {'id': 53, 'name': 'Thriller'}, {'id': 9648, 'name': 'Mystery'}]",,691,[],en,Movie 691,Description,165.70655597826962,[],[],2013-06-25,277500000,181.85463052869864,[],Released,Tagline,Title 691,4.194059905134235,9678
60000000,"[{'id': 36, 'name': 'History'}, {'id': 99, 'name': 'Documentary'}, {'id': 27, 'name': 'Horror'}]",,692,[],en,Movie 692,Description,90.79184734240086,[],[],2013-07-07,1697300000,173.39188937525347,[],Released,Tagline,Title 692,4.174329531585128,5330
121000000,"[{'id': 10749, 'name': 'Romance'}]",,693,[],en,Movie 693,Description,30.668860004881306,[],[],2013-07-20,1404900000,166.92584618199606,[],Released,Tagline,Title 693,4.452940010603329,10355
50000000,"[{'id': 80, 'name': 'Crime'}]",,694,[],en,Movie 694,Description,197.02173515618597,[],[],2013-08-01,60500000,164.08845192011626,[],Released,Tagline,Title 694,5.76540578700433,4934
276000000,"[{'id': 27, 'name': 'Horror'}, {'id': 10402, 'name': 'Music'}, {'id': 36, 'name': 'History'}]",,695,[],en,Movie 695,Description,177.9678069527784,[],[],2013-08-14,1042100000,147.25856473737224,[],Released,Tagline,Title 695,4.030914754818648,1646
4000000,"[{'id': 37, 'name': 'Western'}, {'id': 10752, 'name': 'War'}]",,696,[],ko,Movie 696,Description,154.49141301177778,[],[],2013-08-26,836600000,87.33362913540132,[],Released,Tagline,Title 696,6.469936327150702,15150
91000000,"[{'id': 10751, 'name': 'Family'}]",,697,[],ja,Movie 697,Description,82.89080897694286,[],[],2013-09-07,1469000000,158.65875482396012,[],Released,Tagline,Title 697,5.803348321546514,15149
169000000,"[{'id': 53, 'name': 'Thriller'}, {'id': 18, 'name': 'Drama'}, {'id': 14, 'name': 'Fantasy'}]",,698,[],en,Movie 698,Description,37.58529965097026,[],[],2013-09-20,1673800000,136.03066130764583,[],Released,Tagline,Title 698,6.777206512204131,18629
21000000,"[{'id': 53, 'name': 'Thriller'}, {'id': 10402, 'name': 'Music'}, {'id': 12, 'name': 'Adventure'}]",,699,[],en,Movie 699,Description,188.34082510228174,[],[],2013-10-02,2786700000,136.34656567922394,[],Released,Tagline,Title 699,7.604126140414004,18647
0,"[{'id': 35, 'name': 'Comedy'}, {'id': 10402, 'name': 'Music'}, {'id': 9648, 'name': 'Mystery'}]",,700,[],ko,Movie 700,Description,106.93787417691067,[],[],2013-10-15,1601500000,125.48266345595236,[],Released,Tagline,Title 700,5.254864077399272,19496
132000000,"[{'id': 16, 'name': 'Animation'}, {'id': 36, 'name': 'History'}, {'id': 12, 'name': 'Adventure'}]",,701,[],en,Movie 701,Description,170.61873661710953,[],[],2013-10-27,2181900000,191.48850978100526,[],Released,Tagline,Title 701,4.7854182381445485,15740
232000000,"[{'id': 16, 'name': 'Animation'}, {'id': 18, 'name': 'Drama'}]",,702,[],en,Movie 702,Description,69.07690614612572,[],[],2013-11-09,43400000,109.93415203429188,[],Released,Tagline,Title 702,5.390267779816938,14384
11000000,"[{'id': 18, 'name': 'Drama'}, {'id': 36, 'name': 'History'}, {'id': 27, 'name': 'Horror'}]",,703,[],de,Movie 703,Description,67.72237509881465,[],[],2013-11-21,1114500000,117.99133440917356,[],Released,Tagline,Title 703,4.0088159097595275,3523
45000000,"[{'id': 12, 'name': 'Adventure'}, {'id': 18, 'name': 'Drama'}, {'id': 10749, 'name': 'Romance'}]",,704,[],en,Movie 704,Description,197.12255565413378,[],[],2013-12-03,2483500000,195.56489392827473,[],Released,Tagline,Title 704,4.600064777628903,19170
33000000,"[{'id': 14, 'name': 'Fantasy'}, {'id': 878, 'name': 'Science Fiction'}, {'id': 35, 'name': 'Comedy'}]",,705,[],en,Movie 705,Description,104.84477665047511,[],[],2013-12-16,86800000,177.21844823320376,[],Released,Tagline,Title 705,7.754151818431672,2432
77000000,"[{'id': 14, 'name': 'Fantasy'}]",,706,[],ko,Movie 706,Description,28.998389348288512,[],[],2013-12-28,2718300000,81.6903694595444,[],Released,Tagline,Title 706,5.1140342120014255,6166
217000000,"[{'id': 9648, 'name': 'Mystery'}, {'id': 10749, 'name': 'Romance'}, {'id': 10402, 'name': 'Music'}]",,707,[],en,Movie 707,Description,44.715260920946776,[],[],2014-01-10,1434100000,188.73291198342486,[],Released,Tagline,Title 707,8.971498169020194,18140
72000000,"[{'id': 878, 'name': 'Science Fiction'}, {'id': 10749, 'name': 'Romance'}, {'id': 10752, 'name': 'War'}]",,708,[],en,Movie 708,Description,96.90691159915143,[],[],2014-01-22,1183800000,107.19767585996844,[],Released,Tagline,Title 708,4.839157606824045,6138
281000000,"[{'id': 27, 'name': 'Horror'}, {'id': 28, 'name': 'Action'}]",,709,[],en,Movie 709,Description,9.451711187193856,[],[],2014-02-04,1429200000,164.71190469992763,[],Released,Tagline,Title 709,7.943858577827467,8683
248000000,"[{'id': 37, 'name': 'Western'}, {'id': 10402, 'name': 'Music'}, {'id': 99, 'name': 'Documentary'}]",,710,[],en,Movie 710,Description,93.0442630902818,[],[],2014-02-16,878800000,146.36877288406586,[],Released,Tagline,Title 710,7.525222359127673,5389
46000000,"[{'id': 878, 'name': 'Science Fiction'}, {'id': 10402, 'name': 'Music'}, {'id': 53, 'name': 'Thriller'}]",,711,[],de,Movie 711,Description,84.3692275739454,[],[],2014-02-28,2214900000,144.41742603233408,[],Released,Tagline,Title 711,5.610660714081538,396
120000000,"[{'id': 14, 'name': 'Fantasy'}, {'id': 35, 'name': 'Comedy'}]",,712,[],en,Movie 712,Description,156.0879167985779,[],[],2014-03-13,39400000,166.1505588071263,[],Released,Tagline,Title 712,5.653695717829827,17570
213000000,"[{'id': 10751, 'name': 'Family'}, {'id': 16, 'name': 'Animation'}]",,713,[],en,Movie 713,Description,71.63345093335911,[],[],2014-03-25,2900800000,104.86177662733276,[],Released,Tagline,Title 713,6.817757904835522,5294
238000000,"[{'id': 10751, 'name': 'Family'}, {'id': 16, 'name': 'Animation'}]",,714,[],ko,Movie 714,Description,196.52720354638026,[],[],2014-04-07,2668700000,99.08301569197118,[],Released,Tagline,Title 714,8.261870487412793,5905
55000000,"[{'id': 16, 'name': 'Animation'}, {'id': 99, 'name': 'Documentary'}, {'id': 27, 'name': 'Horror'}]",,715,[],en,Movie 715,Description,36.973213940879724,[],[],2014-04-19,1205700000,158.22951280795422,[],Released,Tagline,Title 715,5.930934720597322,12897
106000000,"[{'id': 27, 'name': 'Horror'}, {'id': 12, 'name': 'Adventure'}, {'id': 14, 'name': 'Fantasy'}]",,716,[],en,Movie 716,Description,118.60635030865885,[],[],2014-05-02,2871600000,114.86950746855948,[],Released,Tagline,Title 716,4.305899404592033,16979
47000000,"[{'id': 27, 'name': 'Horror'}, {'id': 53, 'name': 'Thriller'}, {'id': 10402, 'name': 'Music'}]",,717,[],en,Movie 717,Description,18.850160104642672,[],[],2014-05-14,1039300000,196.8740249189313,[],Released,Tagline,Title 717,5.872095884511484,3095
60000000,"[{'id': 10751, 'name': 'Family'}, {'id': 36, 'name': 'History'}, {'id': 53, 'name': 'Thriller'}]",,718,[],en,Movie 718,Description,147.03893281480242,[],[],2014-05-26,1219000000,134.1814206889608,[],Released,Tagline,Title 718,5.0365633662137075,16577
25000000,"[{'id': 14, 'name': 'Fantasy'}, {'id': 27, 'name': 'Horror'}]",,719,[],en,Movie 719,Description,198.95598392433234,[],[],2014-06-08,2843000000,93.39164240083583,[],Released,Tagline,Title 719,8.696035085325086,13012
291000000,"[{'id': 18, 'name': 'Drama'}, {'id': 53, 'name': 'Thriller'}, {'id': 878, 'name': 'Science Fiction'}]",,720,[],ko,Movie 720,Description,164.00858891257482,[],[],2014-06-20,1314200000,162.29781994064535,[],Released,Tagline,Title 720,7.486371731879737,6493
256000000,"[{'id': 27, 'name': 'Horror'}]",,721,[],ja,Movie 721,Description,111.58500460333995,[],[],2014-07-03,2013900000,116.73911509593574,[],Released,Tagline,Title 721,4.254163321066743,820
7000000,"[{'id': 80, 'name': 'Crime'}, {'id': 28, 'name': 'Action'}, {'id': 10402, 'name': 'Music'}]",,722,[],en,Movie 722,Description,97.46353012253871,[],[],2014-07-15,2075500000,97.83049131456826,[],Released,Tagline,Title 722,5.464942686313032,6425
112000000,"[{'id': 99, 'name': 'Documentary'}, {'id': 9648, 'name': 'Mystery'}, {'id': 18, 'name': 'Drama'}]",,723,[],en,Movie 723,Description,167.17096229210253,[],[],2014-07-28,1162200000,130.7388035467905,[],Released,Tagline,Title 723,4.251079824604035,12654
252000000,"[{'id': 9648, 'name': 'Mystery'}]",,724,[],en,Movie 724,Description,187.25884285743413,[],[],2014-08-09,2090600000,195.70667337047337,[],Released,Tagline,Title 724,8.15008335187393,5199
179000000,"[{'id': 10751, 'name': 'Family'}]",,725,[],en,Movie 725,Description,197.8520986338205,[],[],2014-08-21,2408400000,129.3716691664556,[],Released,Tagline,Title 725,8.531482009535804,12668
206000000,"[{'id': 28, 'name': 'Action'}, {'id': 37, 'name': 'Western'}]",,726,[],en,Movie 726,Description,79.91130628533234,[],[],2014-09-03,2096300000,121.68005188772761,[],Released,Tagline,Title 726,4.561398029195372,4126
126000000,"[{'id': 37, 'name': 'Western'}, {'id': 27, 'name': 'Horror'}]",,727,[],ko,Movie 727,Description,198.19257748410794,[],[],2014-09-15,2479000000,133.3410754483165,[],Released,Tagline,Title 727,6.201450230043481,12347
55000000,"[{'id': 14, 'name': 'Fantasy'}]",,728,[],en,Movie 728,Description,32.02932418259247,[],[],2014-09-28,1851100000,81.45388467195781,[],Released,Tagline,Title 728,8.659416409182128,5157
213000000,"[{'id': 35, 'name': 'Comedy'}]",,729,[],en,Movie 729,Description,51.45640541044993,[],[],2014-10-10,833100000,95.97218463183368,[],Released,Tagline,Title 729,4.726058433573352,17590
13000000,"[{'id': 35, 'name': 'Comedy'}, {'id': 28, 'name': 'Action'}, {'id': 10402, 'name': 'Music'}]",,730,[],en,Movie 730,Description,18.714208822045343,[],[],2014-10-23,2962200000,181.96095417615294,[],Released,Tagline,Title 730,5.4595179532815745,5405
27000000,"[{'id': 878, 'name': 'Science Fiction'}]",,731,[],en,Movie 731,Description,55.07596478041185,[],[],2014-11-04,2057800000,197.36412945134163,[],Released,Tagline,Title 731,5.521373250863279,12014
77000000,"[{'id': 35, 'name': 'Comedy'}]",,732,[],en,Movie 732,Description,153.8195727719842,[],[],2014-11-16,396100000,98.95297827244177,[],Released,Tagline,Title 732,4.150291561009992,6774
215000000,"[{'id': 12, 'name': 'Adventure'}, {'id': 35, 'name': 'Comedy'}, {'id': 9648, 'name': 'Mystery'}]",,733,[],en,Movie 733,Description,170.7319472775115,[],[],2014-11-29,66400000,144.262138206429,[],Released,Tagline,Title 733,4.181366173449954,9663
153000000,"[{'id': 99, 'name': 'Documentary'}, {'id': 16, 'name': 'Animation'}]",,734,[],en,Movie 734,Description,155.99963637541177,[],[],2014-12-11,1453400000,195.96001205667721,[],Released,Tagline,Title 734,8.763964135414565,15416
13000000,"[{'id': 35, 'name': 'Comedy'}, {'id': 27, 'name': 'Horror'}]",,735,[],en,Movie 735,Description,126.58208985537156,[],[],2014-12-24,1921700000,98.78976514147567,[],Released,Tagline,Title 735,6.85546304493127,16317
186000000,"[{'id': 99, 'name': 'Documentary'}, {'id': 9648, 'name': 'Mystery'}, {'id': 12, 'name': 'Adventure'}]",,736,[],en,Movie 736,Description,103.27933599200647,[],[],2015-01-05,1449200000,102.35715410029403,[],Released,Tagline,Title 736,5.53324160714309,2105
6000000,"[{'id': 9648, 'name': 'Mystery'}]",,737,[],en,Movie 737,Description,142.03215355351566,[],[],2015-01-18,926600000,191.21796247140782,[],Released,Tagline,Title 737,5.893373303532923,12841
2000000,"[{'id': 10402, 'name': 'Music'}]",,738,[],en,Movie 738,Description,78.77587630417713,[],[],2015-01-30,457500000,164.6825175742859,[],Released,Tagline,Title 738,7.574214644225121,14702
110000000,"[{'id': 10749, 'name': 'Romance'}, {'id': 28, 'name': 'Action'}, {'id': 36, 'name': 'History'}]",,739,[],ja,Movie 739,Description,168.42036194844067,[],[],2015-02-11,2275600000,98.23600242105928,[],Released,Tagline,Title 739,5.832586017773101,12703
237000000,"[{'id': 28, 'name': 'Action'}]",,740,[],en,Movie 740,Description,135.7608287013803,[],[],2015-02-24,2859900000,127.21912053423317,[],Released,Tagline,Title 740,5.1388020154664416,14087
238000000,"[{'id': 99, 'name': 'Documentary'}, {'id': 27, 'name': 'Horror'}]",,741,[],en,Movie 741,Description,139.8631350003873,[],[],2015-03-08,2400900000,86.75239330576527,[],Released,Tagline,Title 741,4.509186707998997,17247
273000000,"[{'id': 36, 'name': 'History'}, {'id': 37, 'name': 'Western'}, {'id': 10752, 'name': 'War'}]",,742,[],en,Movie 742,Description,107.65126263268517,[],[],2015-03-21,2267700000,131.9205840701233,[],Released,Tagline,Title 742,7.644665058590186,13643
293000000,"[{'id': 27, 'name': 'Horror'}]",,743,[],fr,Movie 743,Description,177.16056785802334,[],[],2015-04-02,2156200000,173.34817933844445,[],Released,Tagline,Title 743,4.902825083376124,9244
226000000,"[{'id': 10751, 'name': 'Family'}]",,744,[],en,Movie 744,Description,51.15093200213144,[],[],2015-04-15,2473800000,146.47664655033526,[],Released,Tagline,Title 744,4.348241349631488,11214
14000000,"[{'id': 10402, 'name': 'Music'}, {'id': 80, 'name': 'Crime'}]",,745,[],en,Movie 745,Description,76.84838301884909,[],[],2015-04-27,2339100000,157.69305461794437,[],Released,Tagline,Title 745,6.134772227482385,5791
191000000,"[{'id': 28, 'name': 'Action'}, {'id': 12, 'name': 'Adventure'}]",,746,[],en,Movie 746,Description,155.75087136586012,[],[],2015-05-09,2607700000,119.2184158640251,[],Released,Tagline,Title 746,4.197854809056769,7159
118000000,"[{'id': 878, 'name': 'Science Fiction'}, {'id': 9648, 'name': 'Mystery'}]",,747,[],en,Movie 747,Description,99.0570303297382,[],[],2015-05-22,1956300000,99.36751012937516,[],Released,Tagline,Title 747,8.824990291714434,4579
27000000,"[{'id': 10752, 'name': 'War'}, {'id': 9648, 'name': 'Mystery'}]",,748,[],en,Movie 748,Description,177.95358867141397,[],[],2015-06-03,554700000,81.57400109281812,[],Released,Tagline,Title 748,7.136464837874199,4298
201000000,"[{'id': 16, 'name': 'Animation'}, {'id': 37, 'name': 'Western'}]",,749,[],en,Movie 749,Description,69.93346463280761,[],[],2015-06-16,2087500000,178.55748131952146,[],Released,Tagline,Title 749,4.763484052232804,9191
38000000,"[{'id': 878, 'name': 'Science Fiction'}, {'id': 10402, 'name': 'Music'}]",,750,[],es,Movie 750,Description,74.49670359510931,[],[],2015-06-28,2128100000,156.39854712149454,[],Released,Tagline,Title 750,4.862270432242304,15168
272000000,"[{'id': 14, 'name': 'Fantasy'}]",,751,[],en,Movie 751,Description,177.85842208793844,[],[],2015-07-11,18600000,107.5185489545226,[],Released,Tagline,Title 751,6.849142401364227,4305
230000000,"[{'id': 878, 'name': 'Science Fiction'}, {'id': 16, 'name': 'Animation'}, {'id': 18, 'name': 'Drama'}]",,752,[],en,Movie 752,Description,93.40969371622617,[],[],2015-07-23,2103800000,130.21207520927538,[],Released,Tagline,Title 752,5.7828287866889685,3741
85000000,"[{'id': 80, 'name': 'Crime'}, {'id': 10749, 'name': 'Romance'}]",,753,[],en,Movie 753,Description,103.70879225629486,[],[],2015-08-04,1836500000,176.17319224737372,[],Released,Tagline,Title 753,7.871333720938568,3643
125000000,"[{'id': 35, 'name': 'Comedy'}, {'id': 18, 'name': 'Drama'}]",,754,[],en,Movie 754,Description,67.2199793518002,[],[],2015-08-17,2092600000,144.64402233096627,[],Released,Tagline,Title 754,6.729032428094583,15524
299000000,"[{'id': 10751, 'name': 'Family'}]",,755,[],en,Movie 755,Description,56.057318493637304,[],[],2015-08-29,780900000,116.0191851735174,[],Released,Tagline,Title 755,6.166669377624706,5691
24000000,"[{'id': 28, 'name': 'Action'}]",,756,[],ja,Movie 756,Description,131.53379345684002,[],[],2015-09-11,2856500000,112.06214206048226,[],Released,Tagline,Title 756,8.814901240326357,11933
144000000,"[{'id': 9648, 'name': 'Mystery'}]",,757,[],ko,Movie 757,Description,24.848291646699572,[],[],2015-09-23,83000000,106.11368293385908,[],Released,Tagline,Title 757,5.953645281048445,6216
12000000,"[{'id': 28, 'name': 'Action'}, {'id': 35, 'name': 'Comedy'}, {'id': 16, 'name': 'Animation'}]",,758,[],en,Movie 758,Description,175.97525559539895,[],[],2015-10-06,1990400000,178.8475856161004,[],Released,Tagline,Title 758,6.0030546189867175,861
211000000,"[{'id': 28, 'name': 'Action'}, {'id': 10752, 'name': 'War'}, {'id': 9648, 'name': 'Mystery'}]",,759,[],en,Movie 759,Description,156.06142421625646,[],[],2015-10-18,1356100000,149.82324208215948,[],Released,Tagline,Title 759,7.328862105303945,2507
24000000,"[{'id': 10751, 'name': 'Family'}, {'id': 27, 'name': 'Horror'}]",,760,[],en,Movie 760,Description,38.95890447745475,[],[],2015-10-30,2439300000,165.0988598841757,[],Released,Tagline,Title 760,8.047392920610841,985
67000000,"[{'id': 10749, 'name': 'Romance'}]",,761,[],en,Movie 761,Description,139.1099692190885,[],[],2015-11-12,2808800000,183.21445296768962,[],Released,Tagline,Title 761,7.1310749542927265,2743
66000000,"[{'id': 28, 'name': 'Action'}, {'id': 16, 'name': 'Animation'}]",,762,[],en,Movie 762,Description,120.92395133584134,[],[],2015-11-24,1152100000,198.42340430362594,[],Released,Tagline,Title 762,7.493051110272143,11225
232000000,"[{'id': 878, 'name': 'Science Fiction'}, {'id': 36, 'name': 'History'}]",,763,[],es,Movie 763,Description,37.72247509659218,[],[],2015-12-07,1154100000,109.93803038369384,[],Released,Tagline,Title 763,5.864657842833056,1568
108000000,"[{'id': 18, 'name': 'Drama'}, {'id': 12, 'name': 'Adventure'}]",,764,[],de,Movie 764,Description,55.367497703996264,[],[],2015-12-19,2229400000,101.70829849494956,[],Released,Tagline,Title 764,6.397484182391299,13466
145000000,"[{'id': 12, 'name': 'Adventure'}, {'id': 99, 'name': 'Documentary'}]",,765,[],en,Movie 765,Description,82.38831424303304,[],[],2016-01-01,1067800000,135.43980113527383,[],Released,Tagline,Title 765,4.985175432339816,7115
110000000,"[{'id': 35, 'name': 'Comedy'}, {'id': 10752, 'name': 'War'}]",,766,[],en,Movie 766,Description,140.1493043138493,[],[],2016-01-13,1280400000,84.2085535374239,[],Released,Tagline,Title 766,7.401232453492618,6423
227000000,"[{'id': 28, 'name': 'Action'}]",,767,[],en,Movie 767,Description,128.10595835458417,[],[],2016-01-25,1388900000,175.00614578762338,[],Released,Tagline,Title 767,5.107259702133547,9035
110000000,"[{'id': 80, 'name': 'Crime'}, {'id': 37, 'name': 'Western'}]",,768,[],en,Movie 768,Description,106.91473468766289,[],[],2016-02-07,1323500000,186.05119986012585,[],Released,Tagline,Title 768,4.006283976969056,2528
33000000,"[{'id': 18, 'name': 'Drama'}, {'id': 80, 'name': 'Crime'}, {'id': 99, 'name': 'Documentary'}]",,769,[],en,Movie 769,Description,153.9136980796928,[],[],2016-02-19,122600000,162.3247638497634,[],Released,Tagline,Title 769,8.668810599033755,11785
110000000,"[{'id': 27, 'name': 'Horror'}]",,770,[],en,Movie 770,Description,151.82961018162703,[],[],2016-03-03,577500000,112.15940294763313,[],Released,Tagline,Title 770,5.530076206072769,12838
263000000,"[{'id': 80, 'name': 'Crime'}]",,771,[],en,Movie 771,Description,123.95397165838892,[],[],2016-03-15,1304400000,94.77865687865487,[],Released,Tagline,Title 771,4.983160212330011,9408
235000000,"[{'id': 36, 'name': 'History'}]",,772,[],en,Movie 772,Description,157.61102659358022,[],[],2016-03-28,1616400000,125.8573025503866,[],Released,Tagline,Title 772,5.340733654828879,15979
82000000,"[{'id': 878, 'name': 'Science Fiction'}, {'id': 10749, 'name': 'Romance'}]",,773,[],en,Movie 773,Description,67.51841158106264,[],[],2016-04-09,284500000,180.0002744606304,[],Released,Tagline,Title 773,5.6522384880932375,15872
41000000,"[{'id': 80, 'name': 'Crime'}, {'id': 37, 'name': 'Western'}, {'id': 53, 'name': 'Thriller'}]",,774,[],fr,Movie 774,Description,176.36865613619852,[],[],2016-04-21,734800000,121.73933645433377,[],Released,Tagline,Title 774,6.372732132240868,10733
100000000,"[{'id': 37, 'name': 'Western'}]",,775,[],en,Movie 775,Description,123.3671070745862,[],[],2016-05-04,1911800000,84.1105488351968,[],Released,Tagline,Title 775,4.346758355092983,17838
5000000,"[{'id': 27, 'name': 'Horror'}, {'id': 10749, 'name': 'Romance'}]",,776,[],en,Movie 776,Description,164.65033924867367,[],[],2016-05-16,2080500000,112.91364514701583,[],Released,Tagline,Title 776,4.263365781027255,18964
179000000,"[{'id': 12, 'name': 'Adventure'}]",,777,[],en,Movie 777,Description,109.70954185326651,[],[],2016-05-29,399700000,198.79347320908678,[],Released,Tagline,Title 777,5.464553827690363,11293
281000000,"[{'id': 14, 'name': 'Fantasy'}, {'id': 10402, 'name': 'Music'}]",,778,[],en,Movie 778,Description,44.469210752747394,[],[],2016-06-10,2724700000,161.200250679906,[],Released,Tagline,Title 778,5.47883065598548,17670
225000000,"[{'id': 36, 'name': 'History'}]",,779,[],en,Movie 779,Description,108.93961560698341,[],[],2016-06-23,2935900000,188.10257959725533,[],Released,Tagline,Title 779,4.588231139071175,15381
228000000,"[{'id': 10752, 'name': 'War'}, {'id': 80, 'name': 'Crime'}, {'id': 27, 'name': 'Horror'}]",,780,[],en,Movie 780,Description,74.85122109154103,[],[],2016-07-05,969100000,172.9838321001329,[],Released,Tagline,Title 780,6.023957971602671,4187
288000000,"[{'id': 10752, 'name': 'War'}, {'id': 16, 'name': 'Animation'}, {'id': 10751, 'name': 'Family'}]",,781,[],en,Movie 781,Description,139.8023081713818,[],[],2016-07-17,168900000,144.7646618391957,[],Released,Tagline,Title 781,5.420143341013912,6328
149000000,"[{'id': 37, 'name': 'Western'}]",,782,[],en,Movie 782,Description,95.68296455521242,[],[],2016-07-30,1428800000,97.84266468739764,[],Released,Tagline,Title 782,4.13027776397535,2931
276000000,"[{'id': 99, 'name': 'Documentary'}]",,783,[],ko,Movie 783,Description,167.38644818060985,[],[],2016-08-11,1883200000,121.83733740268612,[],Released,Tagline,Title 783,8.428603902105554,18232
197000000,"[{'id': 36, 'name': 'History'}, {'id': 12, 'name': 'Adventure'}, {'id': 37, 'name': 'Western'}]",,784,[],en,Movie 784,Description,135.93642995206142,[],[],2016-08-24,1725200000,150.04882703290667,[],Released,Tagline,Title 784,8.430095090217952,11155
69000000,"[{'id': 36, 'name': 'History'}, {'id': 878, 'name': 'Science Fiction'}]",,785,[],en,Movie 785,Description,137.22434217323345,[],[],2016-09-05,1250500000,184.47588184783905,[],Released,Tagline,Title 785,5.04591126456737,13895
111000000,"[{'id': 18, 'name': 'Drama'}]",,786,[],en,Movie 786,Description,44.21391136472193,[],[],2016-09-18,695300000,112.24100550378796,[],Released,Tagline,Title 786,4.814361140821739,7652
3000000,"[{'id': 27, 'name': 'Horror'}]",,787,[],en,Movie 787,Description,196.86570353176677,[],[],2016-09-30,2758500000,94.54722432082754,[],Released,Tagline,Title 787,6.736463821734908,19748
94000000,"[{'id': 53, 'name': 'Thriller'}, {'id': 36, 'name': 'History'}]",,788,[],de,Movie 788,Description,168.49336664502627,[],[],2016-10-12,1171700000,147.05987810657808,[],Released,Tagline,Title 788,7.1537675149071545,14705
151000000,"[{'id': 27, 'name': 'Horror'}]",,789,[],en,Movie 789,Description,158.01197202757822,[],[],2016-10-25,2967300000,101.18014670216668,[],Released,Tagline,Title 789,8.787712787235364,11382
136000000,"[{'id': 10749, 'name': 'Romance'}]",,790,[],en,Movie 790,Description,66.71282980684546,[],[],2016-11-06,1576400000,153.2434123186288,[],Released,Tagline,Title 790,5.886742283199062,1163
246000000,"[{'id': 37, 'name': 'Western'}, {'id': 80, 'name': 'Crime'}]",,791,[],en,Movie 791,Description,107.59069891659915,[],[],2016-11-19,608500000,111.62257309804784,[],Released,Tagline,Title 791,7.0910017143227915,13444
242000000,"[{'id': 35, 'name': 'Comedy'}, {'id': 10749, 'name': 'Romance'}]",,792,[],en,Movie 792,Description,28.283534426791398,[],[],2016-12-01,1322000000,107.71556051607496,[],Released,Tagline,Title 792,8.390905229021548,15998
30000000,"[{'id': 35, 'name': 'Comedy'}, {'id': 18, 'name': 'Drama'}, {'id': 10402, 'name': 'Music'}]",,793,[],ja,Movie 793,Description,108.1567193558785,[],[],2016-12-14,1020500000,127.90169179866693,[],Released,Tagline,Title 793,6.24976892890425,2832
39000000,"[{'id': 16, 'name': 'Animation'}, {'id': 10402, 'name': 'Music'}]",,794,[],en,Movie 794,Description,30.031960050174167,[],[],2016-12-26,2481600000,151.18301090695348,[],Released,Tagline,Title 794,4.61172875578663,1972
228000000,"[{'id': 12, 'name': 'Adventure'}, {'id': 28, 'name': 'Action'}, {'id': 878, 'name': 'Science Fiction'}]",,795,[],en,Movie 795,Description,111.05453095393064,[],[],2017-01-07,1609800000,145.43812075391756,[],Released,Tagline,Title 795,5.887236429149871,4820
35000000,"[{'id': 10751, 'name': 'Family'}, {'id': 28, 'name': 'Action'}]",,796,[],ja,Movie 796,Description,130.09565415082622,[],[],2017-01-20,2169000000,109.36813726819767,[],Released,Tagline,Title 796,4.682834633516502,2069
222000000,"[{'id': 80, 'name': 'Crime'}, {'id': 36, 'name': 'History'}]",,797,[],ja,Movie 797,Description,78.64899748273056,[],[],2017-02-01,2462400000,186.93400093440513,[],Released,Tagline,Title 797,4.083197321009751,12255
5000000,"[{'id': 35, 'name': 'Comedy'}]",,798,[],en,Movie 798,Description,100.21043078792735,[],[],2017-02-14,405000000,93.18583636822413,[],Released,Tagline,Title 798,7.757765281745131,11970
219000000,"[{'id': 80, 'name': 'Crime'}, {'id': 35, 'name': 'Comedy'}]",,799,[],en,Movie 799,Description,175.25502414724258,[],[],2017-02-26,345800000,84.73610756892023,[],Released,Tagline,Title 799,5.192118502476777,16802
74000000,"[{'id': 99, 'name': 'Documentary'}, {'id': 37, 'name': 'Western'}, {'id': 10402, 'name': 'Music'}]",,800,[],en,Movie 800,Description,22.604065795859064,[],[],2017-03-11,2785600000,152.3247523287437,[],Released,Tagline,Title 800,4.01003522919487,3817
3000000,"[{'id': 37, 'name': 'Western'}, {'id': 9648, 'name': 'Mystery'}]",,801,[],en,Movie 801,Description,158.55484570693093,[],[],2017-03-23,1961300000,94.80886016785718,[],Released,Tagline,Title 801,8.362161787675724,1474
133000000,"[{'id': 36, 'name': 'History'}]",,802,[],ko,Movie 802,Description,34.980155648243084,[],[],2017-04-04,1763300000,140.58689771347534,[],Released,Tagline,Title 802,6.218944192454529,8779
117000000,"[{'id': 10749, 'name': 'Romance'}]",,803,[],en,Movie 803,Description,8.30488857812105,[],[],2017-04-17,1755200000,194.2127941291559,[],Released,Tagline,Title 803,5.194299398166126,16934
93000000,"[{'id': 14, 'name': 'Fantasy'}, {'id': 53, 'name': 'Thriller'}]",,804,[],en,Movie 804,Description,37.929345946264505,[],[],2017-04-29,349100000,163.82963257433482,[],Released,Tagline,Title 804,5.313949861777096,13527
61000000,"[{'id': 10402, 'name': 'Music'}]",,805,[],ja,Movie 805,Description,153.24359480412744,[],[],2017-05-12,1547100000,154.09478964773126,[],Released,Tagline,Title 805,5.202689466525252,2040
193000000,"[{'id': 10751, 'name': 'Family'}]",,806,[],en,Movie 806,Description,81.62008859403514,[],[],2017-05-24,1619000000,148.9766269846737,[],Released,Tagline,Title 806,4.97278080594636,2467
202000000,"[{'id': 10752, 'name': 'War'}, {'id': 28, 'name': 'Action'}]",,807,[],en,Movie 807,Description,174.6315828523902,[],[],2017-06-06,1316300000,101.54471026395113,[],Released,Tagline,Title 807,8.206131122871483,11528
25000000,"[{'id': 878, 'name': 'Science Fiction'}, {'id': 16, 'name': 'Animation'}]",,808,[],ko,Movie 808,Description,105.4168006952709,[],[],2017-06-18,1828200000,131.91773895537253,[],Released,Tagline,Title 808,4.851658171849348,16731
172000000,"[{'id': 9648, 'name': 'Mystery'}, {'id': 36, 'name': 'History'}]",,809,[],es,Movie 809,Description,5.42782003333986,[],[],2017-06-30,1172900000,121.10282088401149,[],Released,Tagline,Title 809,6.809273419396993,19987
299000000,"[{'id': 878, 'name': 'Science Fiction'}, {'id': 99, 'name': 'Documentary'}, {'id': 10749, 'name': 'Romance'}]",,810,[],es,Movie 810,Description,143.62600831078342,[],[],2017-07-13,1856400000,194.36891866664752,[],Released,Tagline,Title 810,4.386601223360937,16962
132000000,"[{'id': 10751, 'name': 'Family'}, {'id': 10402, 'name': 'Music'}]",,811,[],en,Movie 811,Description,22.93634883552531,[],[],2017-07-25,1291300000,109.078427764487,[],Released,Tagline,Title 811,8.747606880893002,19244
117000000,"[{'id': 16, 'name': 'Animation'}, {'id': 14, 'name': 'Fantasy'}, {'id': 80, 'name': 'Crime'}]",,812,[],de,Movie 812,Description,158.08654705892295,[],[],2017-08-07,595600000,136.58196456752617,[],Released,Tagline,Title 812,7.016569522229609,12755
274000000,"[{'id': 10751, 'name': 'Family'}, {'id': 36, 'name': 'History'}, {'id': 10752, 'name': 'War'}]",,813,[],en,Movie 813,Description,34.45240741123082,[],[],2017-08-19,1016300000,192.56952359315,[],Released,Tagline,Title 813,8.515762556011467,8068
211000000,"[{'id': 37, 'name': 'Western'}]",,814,[],en,Movie 814,Description,69.74383077529718,[],[],2017-09-01,2927300000,174.70167829271782,[],Released,Tagline,Title 814,5.989388897377475,16392
224000000,"[{'id': 35, 'name': 'Comedy'}, {'id': 10402, 'name': 'Music'}, {'id': 16, 'name': 'Animation'}]",,815,[],ko,Movie 815,Description,152.49301449544672,[],[],2017-09-13,272100000,195.74182871413075,[],Released,Tagline,Title 815,8.053360283812058,14843
19000000,"[{'id': 12, 'name': 'Adventure'}]",,816,[],en,Movie 816,Description,190.8920401378079,[],[],2017-09-25,1057400000,152.99963061763893,[],Released,Tagline,Title 816,8.268272397246555,1468
112000000,"[{'id': 10402, 'name': 'Music'}, {'id': 36, 'name': 'History'}]",,817,[],de,Movie 817,Description,74.91535617869974,[],[],2017-10-08,1832800000,120.05442256951208,[],Released,Tagline,Title 817,7.514746455893349,2326
139000000,"[{'id': 53, 'name': 'Thriller'}, {'id': 37, 'name': 'Western'}, {'id': 9648, 'name': 'Mystery'}]",,818,[],en,Movie 818,Description,166.05064381958823,[],[],2017-10-20,1133900000,179.1979730556871,[],Released,Tagline,Title 818,4.464737332268531,11788
46000000,"[{'id': 36, 'name': 'History'}, {'id': 80, 'name': 'Crime'}]",,819,[],en,Movie 819,Description,38.96766082969191,[],[],2017-11-02,2229700000,114.97475256480448,[],Released,Tagline,Title 819,4.0804004320295295,3712
0,"[{'id': 18, 'name': 'Drama'}, {'id': 14, 'name': 'Fantasy'}]",,820,[],de,Movie 820,Description,161.62877427029574,[],[],2017-11-14,1167600000,99.77273622942631,[],Released,Tagline,Title 820,4.842798360281109,12299
89000000,"[{'id': 10749, 'name': 'Romance'}, {'id': 9648, 'name': 'Mystery'}, {'id': 28, 'name': 'Action'}]",,821,[],en,Movie 821,Description,131.84131779199396,[],[],2017-11-27,2407100000,164.75465768468086,[],Released,Tagline,Title 821,4.590483784833392,10134
141000000,"[{'id': 10752, 'name': 'War'}]",,822,[],en,Movie 822,Description,39.355957935261316,[],[],2017-12-09,2008100000,156.67467962412314,[],Released,Tagline,Title 822,7.625688320999219,11669
37000000,"[{'id': 12, 'name': 'Adventure'}, {'id': 27, 'name': 'Horror'}]",,823,[],en,Movie 823,Description,61.19828810993091,[],[],2017-12-21,1437200000,185.47386831144746,[],Released,Tagline,Title 823,6.785034103446714,1159
292000000,"[{'id': 37, 'name': 'Western'}, {'id': 53, 'name': 'Thriller'}, {'id': 10402, 'name': 'Music'}]",,824,[],ko,Movie 824,Description,27.222406830810165,[],[],2018-01-03,1921000000,195.43097093792608,[],Released,Tagline,Title 824,6.629754322728029,18128
138000000,"[{'id': 18, 'name': 'Drama'}, {'id': 80, 'name': 'Crime'}, {'id': 37, 'name': 'Western'}]",,825,[],en,Movie 825,Description,77.21043520179835,[],[],2018-01-15,1393700000,182.8637104669465,[],Released,Tagline,Title 825,5.264336501640702,13215
258000000,"[{'id': 53, 'name': 'Thriller'}, {'id': 16, 'name': 'Animation'}]",,826,[],en,Movie 826,Description,41.5260795835322,[],[],2018-01-28,1002000000,87.2026157105925,[],Released,Tagline,Title 826,4.773037683685208,18295
160000000,"[{'id': 9648, 'name': 'Mystery'}]",,827,[],en,Movie 827,Description,129.15559277246422,[],[],2018-02-09,841500000,159.74161195787218,[],Released,Tagline,Title 827,5.0327398488444794,2293
177000000,"[{'id': 99, 'name': 'Documentary'}, {'id': 28, 'name': 'Action'}, {'id': 18, 'name': 'Drama'}]",,828,[],ko,Movie 828,Description,198.90651573989118,[],[],2018-02-22,174700000,174.16788954368548,[],Released,Tagline,Title 828,6.001385037072401,16651
9000000,"[{'id': 28, 'name': 'Action'}, {'id': 10751, 'name': 'Family'}]",,829,[],fr,Movie 829,Description,3.389823453768564,[],[],2018-03-06,1691400000,197.8314469220212,[],Released,Tagline,Title 829,7.700716033804765,16228
260000000,"[{'id': 10402, 'name': 'Music'}, {'id': 9648, 'name': 'Mystery'}]",,830,[],fr,Movie 830,Description,108.64304284417243,[],[],2018-03-18,2276900000,124.95935594151604,[],Released,Tagline,Title 830,5.27258308268235,4282
137000000,"[{'id': 35, 'name': 'Comedy'}, {'id': 99, 'name': 'Documentary'}, {'id': 53, 'name': 'Thriller'}]",,831,[],en,Movie 831,Description,115.15965291225294,[],[],2018-03-31,832600000,100.38579047253775,[],Released,Tagline,Title 831,7.493065006293601,19028
171000000,"[{'id': 9648, 'name': 'Mystery'}, {'id': 27, 'name': 'Horror'}, {'id': 35, 'name': 'Comedy'}]",,832,[],en,Movie 832,Description,182.92754914648157,[],[],2018-04-12,1199600000,182.35196741566654,[],Released,Tagline,Title 832,6.457559102024217,3968
12000000,"[{'id': 37, 'name': 'Western'}, {'id': 28, 'name': 'Action'}, {'id': 878, 'name': 'Science Fiction'}]",,833,[],en,Movie 833,Description,101.69506161862057,[],[],2018-04-25,448700000,118.09600923590665,[],Released,Tagline,Title 833,8.427204242553966,8606
167000000,"[{'id': 27, 'name': 'Horror'}, {'id': 37, 'name': 'Western'}, {'id': 14, 'name': 'Fantasy'}]",,834,[],en,Movie 834,Description,109.19658250933858,[],[],2018-05-07,1648600000,151.78422749526305,[],Released,Tagline,Title 834,5.164572804445167,6050
129000000,"[{'id': 99, 'name': 'Documentary'}, {'id': 35, 'name': 'Comedy'}]",,835,[],en,Movie 835,Description,94.85890746434933,[],[],2018-05-20,1432900000,126.78737170555999,[],Released,Tagline,Title 835,6.254283413088045,9014
83000000,"[{'id': 28, 'name': 'Action'}]",,836,[],ko,Movie 836,Description,54.511956607734795,[],[],2018-06-01,2010800000,128.27915081103936,[],Released,Tagline,Title 836,4.483323835828355,14241
100000000,"[{'id': 27, 'name': 'Horror'}, {'id': 80, 'name': 'Crime'}, {'id': 10751, 'name': 'Family'}]",,837,[],de,Movie 837,Description,12.149797516533821,[],[],2018-06-14,1911300000,167.8957375012942,[],Released,Tagline,Title 837,5.675765713111604,11637
272000000,"[{'id': 14, 'name': 'Fantasy'}]",,838,[],en,Movie 838,Description,82.32287875975739,[],[],2018-06-26,1893000000,123.37701504079263,[],Released,Tagline,Title 838,6.534402220161015,16254
264000000,"[{'id': 10402, 'name': 'Music'}, {'id': 18, 'name': 'Drama'}, {'id': 99, 'name': 'Documentary'}]",,839,[],en,Movie 839,Description,11.465702776895029,[],[],2018-07-08,1894300000,163.16901355645842,[],Released,Tagline,Title 839,7.663701071678962,2409
37000000,"[{'id': 28, 'name': 'Action'}]",,840,[],de,Movie 840,Description,110.54800142371764,[],[],2018-07-21,2323100000,81.71941465427625,[],Released,Tagline,Title 840,4.990385600293159,6730
93000000,"[{'id': 9648, 'name': 'Mystery'}, {'id': 18, 'name': 'Drama'}, {'id': 14, 'name': 'Fantasy'}]",,841,[],en,Movie 841,Description,62.151435005216335,[],[],2018-08-02,1123400000,118.95768680046513,[],Released,Tagline,Title 841,5.09046064203233,10793
94000000,"[{'id': 10752, 'name': 'War'}, {'id': 12, 'name': 'Adventure'}]",,842,[],en,Movie 842,Description,107.18687790356013,[],[],2018-08-15,2657700000,118.28528376243952,[],Released,Tagline,Title 842,7.157889202605247,14878
68000000,"[{'id': 9648, 'name': 'Mystery'}]",,843,[],en,Movie 843,Description,27.72509591464215,[],[],2018-08-27,1733300000,169.86023430760605,[],Released,Tagline,Title 843,5.9122889172715585,11625
235000000,"[{'id': 10749, 'name': 'Romance'}, {'id': 53, 'name': 'Thriller'}, {'id': 10402, 'name': 'Music'}]",,844,[],en,Movie 844,Description,186.59336318213258,[],[],2018-09-09,976100000,117.74685392307535,[],Released,Tagline,Title 844,6.410474336161739,13516
136000000,"[{'id': 99, 'name': 'Documentary'}, {'id': 10752, 'name': 'War'}]",,845,[],de,Movie 845,Description,179.00972746643706,[],[],2018-09-21,1570300000,155.99925588380995,[],Released,Tagline,Title 845,8.180674343893703,18507
75000000,"[{'id': 80, 'name': 'Crime'}]",,846,[],en,Movie 846,Description,38.80930533125461,[],[],2018-10-03,2132100000,162.62292825294378,[],Released,Tagline,Title 846,6.495416505322625,16833
34000000,"[{'id': 53, 'name': 'Thriller'}, {'id': 16, 'name': 'Animation'}]",,847,[],en,Movie 847,Description,69.34541237550796,[],[],2018-10-16,1843800000,159.01106530365382,[],Released,Tagline,Title 847,7.2624969030458555,8729
0,"[{'id': 16, 'name': 'Animation'}, {'id': 27, 'name': 'Horror'}]",,848,[],en,Movie 848,Description,123.08506159854394,[],[],2018-10-28,2758200000,152.39524172583975,[],Released,Tagline,Title 848,7.283875208299861,8460
295000000,"[{'id': 27, 'name': 'Horror'}, {'id': 10749, 'name': 'Romance'}, {'id': 10751, 'name': 'Family'}]",,849,[],fr,Movie 849,Description,20.041555253875348,[],[],2018-11-10,19400000,129.63402192192737,[],Released,Tagline,Title 849,8.01805971478009,12111
59000000,"[{'id': 9648, 'name': 'Mystery'}, {'id': 10752, 'name': 'War'}]",,850,[],en,Movie 850,Description,71.55899640211402,[],[],2018-11-22,2531800000,124.79659732205725,[],Released,Tagline,Title 850,7.1906974424551215,8053
266000000,"[{'id': 27, 'name': 'Horror'}]",,851,[],en,Movie 851,Description,50.97134507698222,[],[],2018-12-05,2368900000,147.75008700510676,[],Released,Tagline,Title 851,4.324049128269312,3401
228000000,"[{'id': 12, 'name': 'Adventure'}, {'id': 28, 'name': 'Action'}]",,852,[],ko,Movie 852,Description,183.18782901462262,[],[],2018-12-17,2848300000,87.64437229811915,[],Released,Tagline,Title 852,5.7108649134342,11327
269000000,"[{'id': 12, 'name': 'Adventure'}, {'id': 878, 'name': 'Science Fiction'}]",,853,[],ko,Movie 853,Description,170.64961662155184,[],[],2018-12-29,1934400000,185.09838104618314,[],Released,Tagline,Title 853,8.94658091754605,6919
285000000,"[{'id': 9648, 'name': 'Mystery'}]",,854,[],ko,Movie 854,Description,116.3867155121059,[],[],2019-01-11,2914500000,179.0378171636412,[],Released,Tagline,Title 854,4.9825514440395935,11882
290000000,"[{'id': 28, 'name': 'Action'}, {'id': 10752, 'name': 'War'}]",,855,[],es,Movie 855,Description,104.54892103744326,[],[],2019-01-23,2684000000,121.56616604446276,[],Released,Tagline,Title 855,6.933645392073442,2869
212000000,"[{'id': 10751, 'name': 'Family'}, {'id': 9648, 'name': 'Mystery'}, {'id': 10402, 'name': 'Music'}]",,856,[],en,Movie 856,Description,186.21443311453405,[],[],2019-02-05,2455900000,148.01829480627575,[],Released,Tagline,Title 856,8.214703199386307,10592
164000000,"[{'id': 10752, 'name': 'War'}, {'id': 37, 'name': 'Western'}, {'id': 10749, 'name': 'Romance'}]",,857,[],en,Movie 857,Description,186.55312881278425,[],[],2019-02-17,1161300000,191.8673237821356,[],Released,Tagline,Title 857,6.9327928037367705,18664
4000000,"[{'id': 14, 'name': 'Fantasy'}, {'id': 12, 'name': 'Adventure'}]",,858,[],en,Movie 858,Description,193.89669494498042,[],[],2019-03-02,1930800000,112.5964156894516,[],Released,Tagline,Title 858,5.861351290633387,3445
77000000,"[{'id': 53, 'name': 'Thriller'}, {'id': 37, 'name': 'Western'}, {'id': 10752, 'name': 'War'}]",,859,[],en,Movie 859,Description,25.950397937529342,[],[],2019-03-14,2783100000,169.0946321233824,[],Released,Tagline,Title 859,4.401142813588528,2765
61000000,"[{'id': 9648, 'name': 'Mystery'}, {'id': 16, 'name': 'Animation'}, {'id': 10749, 'name': 'Romance'}]",,860,[],ko,Movie 860,Description,32.95100434187087,[],[],2019-03-26,1962400000,89.92781687852062,[],Released,Tagline,Title 860,5.808324512680475,10884
131000000,"[{'id': 18, 'name': 'Drama'}, {'id': 9648, 'name': 'Mystery'}]",,861,[],de,Movie 861,Description,135.67060303729744,[],[],2019-04-08,2025000000,142.80465769651653,[],Released,Tagline,Title 861,4.910337557871448,12466
88000000,"[{'id': 14, 'name': 'Fantasy'}, {'id': 878, 'name': 'Science Fiction'}, {'id': 10402, 'name': 'Music'}]",,862,[],fr,Movie 862,Description,108.74546084535913,[],[],2019-04-20,823000000,186.0762955336757,[],Released,Tagline,Title 862,8.804314081409899,19026
236000000,"[{'id': 10749, 'name': 'Romance'}]",,863,[],en,Movie 863,Description,4.674715073753957,[],[],2019-05-03,2627500000,146.20511409788884,[],Released,Tagline,Title 863,7.575159207791431,9425
41000000,"[{'id': 12, 'name': 'Adventure'}, {'id': 10752, 'name': 'War'}, {'id': 35, 'name': 'Comedy'}]",,864,[],ko,Movie 864,Description,13.333032161914353,[],[],2019-05-15,456700000,153.95033922045218,[],Released,Tagline,Title 864,7.746915771799311,5540
88000000,"[{'id': 12, 'name': 'Adventure'}]",,865,[],es,Movie 865,Description,177.7279960695022,[],[],2019-05-28,659600000,188.9167151971453,[],Released,Tagline,Title 865,6.17984633000189,7210
295000000,"[{'id': 12, 'name': 'Adventure'}, {'id': 10752, 'name': 'War'}]",,866,[],en,Movie 866,Description,173.90528831233786,[],[],2019-06-09,2860300000,165.84327680597636,[],Released,Tagline,Title 866,4.549824140658531,19221
294000000,"[{'id': 10402, 'name': 'Music'}, {'id': 28, 'name': 'Action'}, {'id': 80, 'name': 'Crime'}]",,867,[],ja,Movie 867,Description,72.09691347721298,[],[],2019-06-21,561000000,163.50436162691187,[],Released,Tagline,Title 867,5.333582430836605,18915
103000000,"[{'id': 878, 'name': 'Science Fiction'}, {'id': 16, 'name': 'Animation'}]",,868,[],en,Movie 868,Description,178.3190727691764,[],[],2019-07-04,1959800000,150.3660826511478,[],Released,Tagline,Title 868,5.29855552033165,17871
13000000,"[{'id': 878, 'name': 'Science Fiction'}, {'id': 99, 'name': 'Documentary'}]",,869,[],en,Movie 869,Description,119.14133980518245,[],[],2019-07-16,510900000,155.9586337030902,[],Released,Tagline,Title 869,6.433896754007718,11595
287000000,"[{'id': 35, 'name': 'Comedy'}, {'id': 16, 'name': 'Animation'}, {'id': 14, 'name': 'Fantasy'}]",,870,[],en,Movie 870,Description,161.37522375676147,[],[],2019-07-29,178400000,176.44465088199408,[],Released,Tagline,Title 870,6.304898933466786,9729
178000000,"[{'id': 10402, 'name': 'Music'}, {'id': 10751, 'name': 'Family'}, {'id': 80, 'name': 'Crime'}]",,871,[],en,Movie 871,Description,86.05878316088264,[],[],2019-08-10,1015900000,197.50796999566933,[],Released,Tagline,Title 871,6.167041086859202,19849
124000000,"[{'id': 18, 'name': 'Drama'}, {'id': 12, 'name': 'Adventure'}]",,872,[],en,Movie 872,Description,23.56626714163684,[],[],2019-08-23,2467900000,175.43904248098255,[],Released,Tagline,Title 872,6.479887333463705,15633
22000000,"[{'id': 80, 'name': 'Crime'}]",,873,[],en,Movie 873,Description,87.31168546655724,[],[],2019-09-04,2221500000,164.90441979523956,[],Released,Tagline,Title 873,8.935115409907375,18923
62000000,"[{'id': 35, 'name': 'Comedy'}, {'id': 53, 'name': 'Thriller'}]",,874,[],ko,Movie 874,Description,92.00265980138268,[],[],2019-09-16,583200000,96.26538603338179,[],Released,Tagline,Title 874,5.491768153264417,11465
142000000,"[{'id': 878, 'name': 'Science Fiction'}]",,875,[],en,Movie 875,Description,110.63789457428,[],[],2019-09-29,4200000,178.0496464930032,[],Released,Tagline,Title 875,7.076345801717938,12199
152000000,"[{'id': 27, 'name': 'Horror'}]",,876,[],fr,Movie 876,Description,22.01095986798117,[],[],2019-10-11,1118700000,168.31932408784436,[],Released,Tagline,Title 876,5.197538720201524,1416
144000000,"[{'id': 878, 'name': 'Science Fiction'}]",,877,[],en,Movie 877,Description,198.28897074687268,[],[],2019-10-24,2779500000,172.45186344814806,[],Released,Tagline,Title 877,6.33303132963091,5304
224000000,"[{'id': 10752, 'name': 'War'}, {'id': 80, 'name': 'Crime'}]",,878,[],en,Movie 878,Description,49.58322734057436,[],[],2019-11-05,2259400000,107.73157738919743,[],Released,Tagline,Title 878,5.000246165731875,13612
103000000,"[{'id': 9648, 'name': 'Mystery'}]",,879,[],en,Movie 879,Description,40.51192830388149,[],[],2019-11-18,2756700000,188.41324358491133,[],Released,Tagline,Title 879,6.790961176498788,784
103000000,"[{'id': 10402, 'name': 'Music'}]",,880,[],en,Movie 880,Description,105.83378085233137,[],[],2019-11-30,2886500000,91.67376420162347,[],Released,Tagline,Title 880,5.3250589324183375,6540
38000000,"[{'id': 878, 'name': 'Science Fiction'}, {'id': 10749, 'name': 'Romance'}, {'id': 10402, 'name': 'Music'}]",,881,[],en,Movie 881,Description,107.90442769958284,[],[],2019-12-12,1156200000,110.4334466830336,[],Released,Tagline,Title 881,4.183944583594154,11835
197000000,"[{'id': 27, 'name': 'Horror'}, {'id': 53, 'name': 'Thriller'}]",,882,[],en,Movie 882,Description,88.5243268288156,[],[],2019-12-25,1744600000,159.5628125989282,[],Released,Tagline,Title 882,8.0763554573641,3187
133000000,"[{'id': 37, 'name': 'Western'}]",,883,[],en,Movie 883,Description,154.60653711872564,[],[],2020-01-06,2712600000,160.8457356597218,[],Released,Tagline,Title 883,4.641275560602088,9967
66000000,"[{'id': 9648, 'name': 'Mystery'}]",,884,[],en,Movie 884,Description,103.81422574499193,[],[],2020-01-19,986900000,117.59894795609898,[],Released,Tagline,Title 884,5.840193995584528,18597
178000000,"[{'id': 16, 'name': 'Animation'}]",,885,[],es,Movie 885,Description,122.32939557385184,[],[],2020-01-31,369000000,164.18237325341778,[],Released,Tagline,Title 885,6.3858880455560145,17441
41000000,"[{'id': 10402, 'name': 'Music'}, {'id': 28, 'name': 'Action'}]",,886,[],en,Movie 886,Description,145.02553069614933,[],[],2020-02-13,759600000,126.55166451858464,[],Released,Tagline,Title 886,6.162400002109637,5878
14000000,"[{'id': 878, 'name': 'Science Fiction'}]",,887,[],en,Movie 887,Description,5.979995211209456,[],[],2020-02-25,2319200000,80.02106190295079,[],Released,Tagline,Title 887,7.628328818450045,16129
110000000,"[{'id': 80, 'name': 'Crime'}, {'id': 878, 'name': 'Science Fiction'}]",,888,[],en,Movie 888,Description,114.55819232646391,[],[],2020-03-08,1468800000,99.51273587448603,[],Released,Tagline,Title 888,6.983882979654721,8179
156000000,"[{'id': 9648, 'name': 'Mystery'}, {'id': 27, 'name': 'Horror'}]",,889,[],en,Movie 889,Description,176.9546997744455,[],[],2020-03-21,2038200000,185.91419302618093,[],Released,Tagline,Title 889,5.476855913537429,3194
288000000,"[{'id': 18, 'name': 'Drama'}, {'id': 99, 'name': 'Documentary'}, {'id': 28, 'name': 'Action'}]",,890,[],en,Movie 890,Description,4.460359842161347,[],[],2020-04-02,32600000,106.72328140753027,[],Released,Tagline,Title 890,4.258514999203351,19291
230000000,"[{'id': 9648, 'name': 'Mystery'}, {'id': 10749, 'name': 'Romance'}, {'id': 27, 'name': 'Horror'}]",,891,[],ko,Movie 891,Description,81.63123865639126,[],[],2020-04-15,2359000000,93.5492406630651,[],Released,Tagline,Title 891,7.837975591265881,14921
156000000,"[{'id': 28, 'name': 'Action'}, {'id': 10751, 'name': 'Family'}]",,892,[],de,Movie 892,Description,185.31926259096016,[],[],2020-04-27,112100000,161.86407271198334,[],Released,Tagline,Title 892,5.762635633392108,7682
37000000,"[{'id': 14, 'name': 'Fantasy'}]",,893,[],en,Movie 893,Description,71.27772605422503,[],[],2020-05-10,1649200000,132.88477308916833,[],Released,Tagline,Title 893,8.448623704999846,9112
96000000,"[{'id': 28, 'name': 'Action'}]",,894,[],en,Movie 894,Description,92.28703601584793,[],[],2020-05-22,1087100000,175.59091236771732,[],Released,Tagline,Title 894,5.975283868016252,987
288000000,"[{'id': 9648, 'name': 'Mystery'}, {'id': 36, 'name': 'History'}]",,895,[],en,Movie 895,Description,196.32673721581824,[],[],2020-06-03,629500000,183.37339214789458,[],Released,Tagline,Title 895,7.588293030688536,12020
253000000,"[{'id': 16, 'name': 'Animation'}, {'id': 10749, 'name': 'Romance'}]",,896,[],de,Movie 896,Description,40.66544793116419,[],[],2020-06-16,519400000,181.51866528646778,[],Released,Tagline,Title 896,8.697823516173397,6115
195000000,"[{'id': 16, 'name': 'Animation'}]",,897,[],en,Movie 897,Description,13.985782635876182,[],[],2020-06-28,2360900000,117.56110630362718,[],Released,Tagline,Title 897,7.255762253177399,14630
85000000,"[{'id': 10751, 'name': 'Family'}]",,898,[],en,Movie 898,Description,172.02509558139957,[],[],2020-07-11,1521400000,140.6655125561797,[],Released,Tagline,Title 898,6.067444566987524,19568
9000000,"[{'id': 12, 'name': 'Adventure'}, {'id': 18, 'name': 'Drama'}, {'id': 10752, 'name': 'War'}]",,899,[],es,Movie 899,Description,173.82460290126133,[],[],2020-07-23,2491100000,158.0170081576357,[],Released,Tagline,Title 899,6.836996343929714,17359
4000000,"[{'id': 14, 'name': 'Fantasy'}]",,900,[],de,Movie 900,Description,94.94348910132263,[],[],2020-08-05,1561200000,118.63797047409487,[],Released,Tagline,Title 900,6.717225942709463,12553
122000000,"[{'id': 10749, 'name': 'Romance'}]",,901,[],es,Movie 901,Description,103.32722772097996,[],[],2020-08-17,1423100000,84.93191784236218,[],Released,Tagline,Title 901,6.924100183266814,7608
117000000,"[{'id': 14, 'name': 'Fantasy'}, {'id': 9648, 'name': 'Mystery'}, {'id': 53, 'name': 'Thriller'}]",,902,[],ja,Movie 902,Description,167.32546755394938,[],[],2020-08-29,1842400000,139.4797258756303,[],Released,Tagline,Title 902,4.734099928206729,656
293000000,"[{'id': 10749, 'name': 'Romance'}, {'id': 16, 'name': 'Animation'}]",,903,[],ko,Movie 903,Description,147.97334012504322,[],[],2020-09-11,1718800000,81.53820001587124,[],Released,Tagline,Title 903,7.49254941200655,9000
158000000,"[{'id': 10751, 'name': 'Family'}]",,904,[],en,Movie 904,Description,53.76465144118512,[],[],2020-09-23,1004100000,194.07747496711366,[],Released,Tagline,Title 904,4.725216358345936,817
227000000,"[{'id': 878, 'name': 'Science Fiction'}]",,905,[],en,Movie 905,Description,4.361777659232173,[],[],2020-10-06,76700000,175.60203752876316,[],Released,Tagline,Title 905,4.07308442158807,3765
215000000,"[{'id': 36, 'name': 'History'}, {'id': 16, 'name': 'Animation'}]",,906,[],de,Movie 906,Description,96.4603323441756,[],[],2020-10-18,2995000000,103.04117318283134,[],Released,Tagline,Title 906,7.123900503420318,13991
183000000,"[{'id': 10749, 'name': 'Romance'}, {'id': 80, 'name': 'Crime'}, {'id': 27, 'name': 'Horror'}]",,907,[],en,Movie 907,Description,171.92355289303265,[],[],2020-10-31,1369700000,114.5086098670314,[],Released,Tagline,Title 907,4.584567860877957,10436
14000000,"[{'id': 18, 'name': 'Drama'}]",,908,[],ko,Movie 908,Description,179.27110066134227,[],[],2020-11-12,352800000,197.9406257623326,[],Released,Tagline,Title 908,7.852058183556366,15114
156000000,"[{'id': 12, 'name': 'Adventure'}]",,909,[],en,Movie 909,Description,191.28901321815462,[],[],2020-11-24,1869100000,124.82582649695652,[],Released,Tagline,Title 909,8.329829767504101,6647
135000000,"[{'id': 14, 'name': 'Fantasy'}]",,910,[],en,Movie 910,Description,176.03308428494347,[],[],2020-12-07,1102200000,174.04668289206708,[],Released,Tagline,Title 910,8.72368395141963,5296
260000000,"[{'id': 10749, 'name': 'Romance'}, {'id': 36, 'name': 'History'}, {'id': 878, 'name': 'Science Fiction'}]",,911,[],en,Movie 911,Description,116.42866750432158,[],[],2020-12-19,1787300000,133.61785621031052,[],Released,Tagline,Title 911,7.322384814531958,18503
156000000,"[{'id': 28, 'name': 'Action'}, {'id': 16, 'name': 'Animation'}]",,912,[],en,Movie 912,Description,89.47651424798407,[],[],2021-01-01,413000000,183.6915108920732,[],Released,Tagline,Title 912,6.410074464461521,12071
46000000,"[{'id': 10751, 'name': 'Family'}, {'id': 16, 'name': 'Animation'}]",,913,[],en,Movie 913,Description,155.19511946028572,[],[],2021-01-13,1175900000,164.45042097938108,[],Released,Tagline,Title 913,5.761405403528995,18667
172000000,"[{'id': 28, 'name': 'Action'}]",,914,[],fr,Movie 914,Description,148.2245052387537,[],[],2021-01-26,1875800000,82.74920718693912,[],Released,Tagline,Title 914,6.454625469931654,19420
129000000,"[{'id': 36, 'name': 'History'}]",,915,[],en,Movie 915,Description,108.09054258620942,[],[],2021-02-07,2541300000,115.32678631270846,[],Released,Tagline,Title 915,4.951761141801567,15316
94000000,"[{'id': 10752, 'name': 'War'}, {'id': 35, 'name': 'Comedy'}]",,916,[],fr,Movie 916,Description,18.378147139135354,[],[],2021-02-19,1969400000,146.9590777872143,[],Released,Tagline,Title 916,5.742113238945465,10706
114000000,"[{'id': 53, 'name': 'Thriller'}]",,917,[],en,Movie 917,Description,185.29018801059684,[],[],2021-03-04,2321900000,191.14088528837044,[],Released,Tagline,Title 917,7.589652624172489,6791
242000000,"[{'id': 878, 'name': 'Science Fiction'}, {'id': 99, 'name': 'Documentary'}, {'id': 36, 'name': 'History'}]",,918,[],en,Movie 918,Description,91.66490496283076,[],[],2021-03-16,1431300000,92.24358735697885,[],Released,Tagline,Title 918,5.087114855671066,7145
291000000,"[{'id': 28, 'name': 'Action'}, {'id': 14, 'name': 'Fantasy'}]",,919,[],en,Movie 919,Description,73.30342260133659,[],[],2021-03-29,2212000000,152.13950452532805,[],Released,Tagline,Title 919,5.320335678368325,10587
281000000,"[{'id': 10749, 'name': 'Romance'}, {'id': 9648, 'name': 'Mystery'}, {'id': 10752, 'name': 'War'}]",,920,[],en,Movie 920,Description,126.28391163858556,[],[],2021-04-10,1180500000,116.2612077695189,[],Released,Tagline,Title 920,7.746641278539244,19297
298000000,"[{'id': 12, 'name': 'Adventure'}, {'id': 14, 'name': 'Fantasy'}]",,921,[],de,Movie 921,Description,135.0937542722284,[],[],2021-04-23,2121900000,186.71933384233284,[],Released,Tagline,Title 921,4.889179679136104,1337
282000000,"[{'id': 18, 'name': 'Drama'}, {'id': 37, 'name': 'Western'}, {'id': 28, 'name': 'Action'}]",,922,[],ja,Movie 922,Description,42.92689548902999,[],[],2021-05-05,1377800000,171.82035315902158,[],Released,Tagline,Title 922,5.2294379323668885,10409
68000000,"[{'id': 16, 'name': 'Animation'}, {'id': 99, 'name': 'Documentary'}, {'id': 37, 'name': 'Western'}]",,923,[],ja,Movie 923,Description,167.55083011718128,[],[],2021-05-17,1098400000,124.36432664111425,[],Released,Tagline,Title 923,4.087737814113252,19527
147000000,"[{'id': 10749, 'name': 'Romance'}]",,924,[],ko,Movie 924,Description,58.697481638813194,[],[],2021-05-30,699100000,100.05237966903364,[],Released,Tagline,Title 924,7.600257997675534,6572
10000000,"[{'id': 12, 'name': 'Adventure'}]",,925,[],en,Movie 925,Description,38.15010125694902,[],[],2021-06-11,2878900000,81.37975668767574,[],Released,Tagline,Title 925,7.08951782783217,19571
253000000,"[{'id': 80, 'name': 'Crime'}]",,926,[],ko,Movie 926,Description,81.87357071804499,[],[],2021-06-24,398400000,154.53613408063384,[],Released,Tagline,Title 926,7.471927262557706,3658
37000000,"[{'id': 10402, 'name': 'Music'}]",,927,[],es,Movie 927,Description,146.38145609859558,[],[],2021-07-06,376900000,128.73485691574925,[],Released,Tagline,Title 927,5.071638809766566,5393
133000000,"[{'id': 35, 'name': 'Comedy'}, {'id': 10402, 'name': 'Music'}]",,928,[],ja,Movie 928,Description,193.1261775095209,[],[],2021-07-19,150500000,117.77077914329229,[],Released,Tagline,Title 928,7.436881953639357,19337
199000000,"[{'id': 14, 'name': 'Fantasy'}, {'id': 18, 'name': 'Drama'}, {'id': 9648, 'name': 'Mystery'}]",,929,[],en,Movie 929,Description,162.0469716099152,[],[],2021-07-31,2317800000,198.26027499642026,[],Released,Tagline,Title 929,6.981883088466283,12911
22000000,"[{'id': 878, 'name': 'Science Fiction'}, {'id': 36, 'name': 'History'}, {'id': 10749, 'name': 'Romance'}]",,930,[],ko,Movie 930,Description,188.12932715636816,[],[],2021-08-12,245100000,135.9370562672378,[],Released,Tagline,Title 930,5.830614896110017,18329
217000000,"[{'id': 9648, 'name': 'Mystery'}, {'id': 10402, 'name': 'Music'}]",,931,[],en,Movie 931,Description,28.98055501122883,[],[],2021-08-25,1123700000,169.9807140374509,[],Released,Tagline,Title 931,6.189129058172023,6462
140000000,"[{'id': 35, 'name': 'Comedy'}, {'id': 80, 'name': 'Crime'}]",,932,[],de,Movie 932,Description,15.16418297387168,[],[],2021-09-06,1841800000,101.28949007014835,[],Released,Tagline,Title 932,6.839602516367041,13411
103000000,"[{'id': 878, 'name': 'Science Fiction'}, {'id': 9648, 'name': 'Mystery'}, {'id': 36, 'name': 'History'}]",,933,[],en,Movie 933,Description,111.98324761942756,[],[],2021-09-19,800300000,81.61463092901765,[],Released,Tagline,Title 933,6.466460880437784,3282
209000000,"[{'id': 18, 'name': 'Drama'}, {'id': 35, 'name': 'Comedy'}]",,934,[],en,Movie 934,Description,58.76919912576284,[],[],2021-10-01,989200000,130.1075143337619,[],Released,Tagline,Title 934,7.209140329846855,14398
110000000,"[{'id': 99, 'name': 'Documentary'}, {'id': 878, 'name': 'Science Fiction'}, {'id': 10751, 'name': 'Family'}]",,935,[],en,Movie 935,Description,165.78293962088532,[],[],2021-10-14,602000000,159.87978019311942,[],Released,Tagline,Title 935,4.904897888029976,16947
103000000,"[{'id': 53, 'name': 'Thriller'}, {'id': 10749, 'name': 'Romance'}]",,936,[],en,Movie 936,Description,134.72558640906288,[],[],2021-10-26,1389900000,140.79184354201513,[],Released,Tagline,Title 936,6.703549774580985,5860
170000000,"[{'id': 37, 'name': 'Western'}, {'id': 14, 'name': 'Fantasy'}, {'id': 10402, 'name': 'Music'}]",,937,[],en,Movie 937,Description,194.1749046331731,[],[],2021-11-07,1047300000,186.85595091492692,[],Released,Tagline,Title 937,6.251397414322704,7360
132000000,"[{'id': 878, 'name': 'Science Fiction'}]",,938,[],es,Movie 938,Description,51.70367879052954,[],[],2021-11-20,1526500000,132.07752214245977,[],Released,Tagline,Title 938,6.305102470069992,550
292000000,"[{'id': 18, 'name': 'Drama'}, {'id': 12, 'name': 'Adventure'}]",,939,[],en,Movie 939,Description,97.67103875669125,[],[],2021-12-02,1769200000,117.32033757837095,[],Released,Tagline,Title 939,6.346910252912977,13807
126000000,"[{'id': 10751, 'name': 'Family'}, {'id': 80, 'name': 'Crime'}, {'id': 14, 'name': 'Fantasy'}]",,940,[],en,Movie 940,Description,100.7468550076453,[],[],2021-12-15,1072000000,189.92584114491723,[],Released,Tagline,Title 940,8.407359819111587,2015
105000000,"[{'id': 10749, 'name': 'Romance'}]",,941,[],en,Movie 941,Description,48.596182176617866,[],[],2021-12-27,2841500000,128.8162734361257,[],Released,Tagline,Title 941,8.093137205683078,9215
91000000,"[{'id': 12, 'name': 'Adventure'}, {'id': 53, 'name': 'Thriller'}, {'id': 9648, 'name': 'Mystery'}]",,942,[],en,Movie 942,Description,118.42858649811355,[],[],2022-01-09,97600000,112.35774339675339,[],Released,Tagline,Title 942,7.147849805852684,7176
286000000,"[{'id': 10749, 'name': 'Romance'}, {'id': 878, 'name': 'Science Fiction'}, {'id': 16, 'name': 'Animation'}]",,943,[],en,Movie 943,Description,89.21391122976867,[],[],2022-01-21,1024900000,91.71932921720965,[],Released,Tagline,Title 943,7.582434678011843,14914
50000000,"[{'id': 878, 'name': 'Science Fiction'}]",,944,[],en,Movie 944,Description,89.89758964198485,[],[],2022-02-02,1300300000,175.1971727858985,[],Released,Tagline,Title 944,4.214013180340533,415
28000000,"[{'id': 35, 'name': 'Comedy'}, {'id': 37, 'name': 'Western'}]",,945,[],en,Movie 945,Description,73.18459294652423,[],[],2022-02-15,1421400000,179.01097529574116,[],Released,Tagline,Title 945,7.719958596898343,4893
295000000,"[{'id': 18, 'name': 'Drama'}, {'id': 12, 'name': 'Adventure'}, {'id': 9648, 'name': 'Mystery'}]",,946,[],en,Movie 946,Description,4.368941132681477,[],[],2022-02-27,1061900000,83.99573402782065,[],Released,Tagline,Title 946,6.4308234422682435,17860
296000000,"[{'id': 37, 'name': 'Western'}, {'id': 16, 'name': 'Animation'}]",,947,[],en,Movie 947,Description,104.896952146043,[],[],2022-03-12,2825100000,123.03747180818297,[],Released,Tagline,Title 947,5.588737822740638,19299
213000000,"[{'id': 9648, 'name': 'Mystery'}, {'id': 10402, 'name': 'Music'}]",,948,[],en,Movie 948,Description,67.71431930436589,[],[],2022-03-24,1062100000,169.98517455175516,[],Released,Tagline,Title 948,4.698884829690715,1362
266000000,"[{'id': 12, 'name': 'Adventure'}, {'id': 9648, 'name': 'Mystery'}]",,949,[],en,Movie 949,Description,1.2626539278816054,[],[],2022-04-06,2132400000,193.56582169856648,[],Released,Tagline,Title 949,4.376043951759959,9419
256000000,"[{'id': 10749, 'name': 'Romance'}, {'id': 10752, 'name': 'War'}]",,950,[],ko,Movie 950,Description,62.28079782472447,[],[],2022-04-18,373400000,125.3381940613886,[],Released,Tagline,Title 950,4.224428427483615,13294
100000000,"[{'id': 28, 'name': 'Action'}, {'id': 10402, 'name': 'Music'}, {'id': 9648, 'name': 'Mystery'}]",,951,[],en,Movie 951,Description,56.44703828486164,[],[],2022-04-30,855200000,184.64641176553923,[],Released,Tagline,Title 951,4.808980874451204,19409
109000000,"[{'id': 35, 'name': 'Comedy'}]",,952,[],en,Movie 952,Description,79.29618249150353,[],[],2022-05-13,222400000,127.24644878386341,[],Released,Tagline,Title 952,4.150718973988708,3568
181000000,"[{'id': 28, 'name': 'Action'}]",,953,[],en,Movie 953,Description,27.238545939035994,[],[],2022-05-25,1686900000,101.53935526911778,[],Released,Tagline,Title 953,7.663211212212605,13974
0,"[{'id': 99, 'name': 'Documentary'}, {'id': 9648, 'name': 'Mystery'}, {'id': 35, 'name': 'Comedy'}]",,954,[],en,Movie 954,Description,102.02908110238181,[],[],2022-06-07,142900000,80.41353725322436,[],Released,Tagline,Title 954,5.243070595108699,12751
54000000,"[{'id': 99, 'name': 'Documentary'}, {'id': 27, 'name': 'Horror'}, {'id': 878, 'name': 'Science Fiction'}]",,955,[],en,Movie 955,Description,138.79563015110787,[],[],2022-06-19,208100000,119.62172277834557,[],Released,Tagline,Title 955,5.843702134660045,14582
148000000,"[{'id': 99, 'name': 'Documentary'}]",,956,[],en,Movie 956,Description,126.40692824185992,[],[],2022-07-02,1377700000,125.41700608728459,[],Released,Tagline,Title 956,8.113581069079414,4509
136000000,"[{'id': 10751, 'name': 'Family'}, {'id': 37, 'name': 'Western'}, {'id': 36, 'name': 'History'}]",,957,[],en,Movie 957,Description,160.94723456626895,[],[],2022-07-14,69600000,193.41410346648036,[],Released,Tagline,Title 957,4.573287482622954,647
201000000,"[{'id': 99, 'name': 'Documentary'}, {'id': 16, 'name': 'Animation'}]",,958,[],en,Movie 958,Description,90.94964930942915,[],[],2022-07-26,2268500000,104.72843029047473,[],Released,Tagline,Title 958,8.177970151181064,4991
116000000,"[{'id': 12, 'name': 'Adventure'}, {'id': 18, 'name': 'Drama'}, {'id': 37, 'name': 'Western'}]",,959,[],en,Movie 959,Description,104.29925433760592,[],[],2022-08-08,2104500000,125.86768496210055,[],Released,Tagline,Title 959,7.19770175275144,9821
153000000,"[{'id': 53, 'name': 'Thriller'}, {'id': 9648, 'name': 'Mystery'}]",,960,[],en,Movie 960,Description,162.2699862309377,[],[],2022-08-20,20200000,83.01849557877358,[],Released,Tagline,Title 960,5.710147573023015,14536
290000000,"[{'id': 99, 'name': 'Documentary'}, {'id': 27, 'name': 'Horror'}]",,961,[],ko,Movie 961,Description,86.11253299302847,[],[],2022-09-02,1205000000,171.62476821096635,[],Released,Tagline,Title 961,4.589036065338421,16590
62000000,"[{'id': 9648, 'name': 'Mystery'}, {'id': 99, 'name': 'Documentary'}, {'id': 10751, 'name': 'Family'}]",,962,[],en,Movie 962,Description,140.6182706300198,[],[],2022-09-14,2577500000,189.8169483505984,[],Released,Tagline,Title 962,4.457463486704563,19468
243000000,"[{'id': 18, 'name': 'Drama'}, {'id': 10402, 'name': 'Music'}]",,963,[],en,Movie 963,Description,87.48587137488038,[],[],2022-09-27,2584400000,108.53847767317902,[],Released,Tagline,Title 963,5.677571730396603,5568
24000000,"[{'id': 37, 'name': 'Western'}]",,964,[],ko,Movie 964,Description,84.12950270780097,[],[],2022-10-09,1562900000,131.47941327681974,[],Released,Tagline,Title 964,4.701709863590229,15023
89000000,"[{'id': 9648, 'name': 'Mystery'}, {'id': 16, 'name': 'Animation'}, {'id': 27, 'name': 'Horror'}]",,965,[],es,Movie 965,Description,152.2809192813029,[],[],2022-10-21,2754700000,94.65351456391927,[],Released,Tagline,Title 965,5.338551482376374,1350
74000000,"[{'id': 37, 'name': 'Western'}, {'id': 36, 'name': 'History'}, {'id': 10752, 'name': 'War'}]",,966,[],en,Movie 966,Description,35.792546177776025,[],[],2022-11-03,826600000,134.8202516375469,[],Released,Tagline,Title 966,4.264779002256622,13364
293000000,"[{'id': 9648, 'name': 'Mystery'}, {'id': 10751, 'name': 'Family'}, {'id': 10752, 'name': 'War'}]",,967,[],fr,Movie 967,Description,68.37860841637314,[],[],2022-11-15,2467200000,96.00109563729146,[],Released,Tagline,Title 967,6.975042108483494,1711
209000000,"[{'id': 14, 'name': 'Fantasy'}, {'id': 53, 'name': 'Thriller'}, {'id': 10402, 'name': 'Music'}]",,968,[],en,Movie 968,Description,45.61028307263345,[],[],2022-11-28,1246100000,142.80181933029826,[],Released,Tagline,Title 968,4.726380584769022,8028
16000000,"[{'id': 28, 'name': 'Action'}, {'id': 10402, 'name': 'Music'}, {'id': 878, 'name': 'Science Fiction'}]",,969,[],en,Movie 969,Description,72.46287865055183,[],[],2022-12-10,347800000,168.15464485186797,[],Released,Tagline,Title 969,7.783661565628135,1890
127000000,"[{'id': 10751, 'name': 'Family'}, {'id': 35, 'name': 'Comedy'}, {'id': 37, 'name': 'Western'}]",,970,[],en,Movie 970,Description,46.84458965083878,[],[],2022-12-23,220300000,146.40113297770017,[],Released,Tagline,Title 970,5.09087488138986,967
250000000,"[{'id': 14, 'name': 'Fantasy'}, {'id': 9648, 'name': 'Mystery'}, {'id': 10751, 'name': 'Family'}]",,971,[],en,Movie 971,Description,116.30172058624427,[],[],2023-01-04,1554300000,109.42634940648512,[],Released,Tagline,Title 971,7.989882896690929,19253
178000000,"[{'id': 10752, 'name': 'War'}, {'id': 10751, 'name': 'Family'}, {'id': 99, 'name': 'Documentary'}]",,972,[],en,Movie 972,Description,159.8359897209512,[],[],2023-01-16,2387500000,122.45551825626862,[],Released,Tagline,Title 972,4.949409931129338,12545
181000000,"[{'id': 36, 'name': 'History'}]",,973,[],en,Movie 973,Description,157.53599918236247,[],[],2023-01-29,1462500000,156.6287285246759,[],Released,Tagline,Title 973,7.6068328185064935,427
151000000,"[{'id': 10752, 'name': 'War'}]",,974,[],en,Movie 974,Description,73.53569194520969,[],[],2023-02-10,845000000,150.770650134719,[],Released,Tagline,Title 974,5.665373398125986,3916
24000000,"[{'id': 9648, 'name': 'Mystery'}, {'id': 12, 'name': 'Adventure'}]",,975,[],en,Movie 975,Description,197.76332077295808,[],[],2023-02-23,1185100000,96.41297457456002,[],Released,Tagline,Title 975,6.915599974445042,3248
179000000,"[{'id': 878, 'name': 'Science Fiction'}, {'id': 18, 'name': 'Drama'}, {'id': 37, 'name': 'Western'}]",,976,[],en,Movie 976,Description,119.17701857645436,[],[],2023-03-07,631800000,181.39393682793232,[],Released,Tagline,Title 976,4.1933090716086925,15170
197000000,"[{'id': 80, 'name': 'Crime'}]",,977,[],en,Movie 977,Description,80.48066005388065,[],[],2023-03-20,2081000000,137.02266946964187,[],Released,Tagline,Title 977,6.476222171771287,11673
160000000,"[{'id': 12, 'name': 'Adventure'}, {'id': 10402, 'name': 'Music'}, {'id': 80, 'name': 'Crime'}]",,978,[],en,Movie 978,Description,167.27231656904365,[],[],2023-04-01,535100000,99.48430694316716,[],Released,Tagline,Title 978,4.743439473510316,10666
176000000,"[{'id': 16, 'name': 'Animation'}, {'id': 14, 'name': 'Fantasy'}]",,979,[],en,Movie 979,Description,146.24492851588553,[],[],2023-04-13,280700000,94.7391851089675,[],Released,Tagline,Title 979,6.431601136245132,19039
284000000,"[{'id': 10752, 'name': 'War'}, {'id': 10751, 'name': 'Family'}, {'id': 10402, 'name': 'Music'}]",,980,[],ko,Movie 980,Description,150.10579202799678,[],[],2023-04-26,716400000,195.86621295741563,[],Released,Tagline,Title 980,4.706795654430748,13257
62000000,"[{'id': 16, 'name': 'Animation'}, {'id': 878, 'name': 'Science Fiction'}, {'id': 37, 'name': 'Western'}]",,981,[],en,Movie 981,Description,40.03173059704045,[],[],2023-05-08,2883300000,113.78421334082552,[],Released,Tagline,Title 981,6.185445600696854,9422
149000000,"[{'id': 99, 'name': 'Documentary'}]",,982,[],en,Movie 982,Description,94.19653716634247,[],[],2023-05-21,18600000,189.0312305499651,[],Released,Tagline,Title 982,4.553104101161442,2582
153000000,"[{'id': 14, 'name': 'Fantasy'}]",,983,[],ja,Movie 983,Description,172.50379803409595,[],[],2023-06-02,807100000,129.27023585227266,[],Released,Tagline,Title 983,5.099757588671479,3199
155000000,"[{'id': 10749, 'name': 'Romance'}]",,984,[],en,Movie 984,Description,101.3035635181227,[],[],2023-06-15,2471900000,126.31057165438284,[],Released,Tagline,Title 984,6.975394677519274,11612
48000000,"[{'id': 14, 'name': 'Fantasy'}, {'id': 10751, 'name': 'Family'}, {'id': 80, 'name': 'Crime'}]",,985,[],ja,Movie 985,Description,137.00709594078901,[],[],2023-06-27,1154600000,164.11147635793185,[],Released,Tagline,Title 985,8.88330318605071,13775
83000000,"[{'id': 53, 'name': 'Thriller'}]",,986,[],en,Movie 986,Description,117.99881287381865,[],[],2023-07-09,2343500000,81.18599453305538,[],Released,Tagline,Title 986,6.2459238419598595,9848
176000000,"[{'id': 35, 'name': 'Comedy'}, {'id': 12, 'name': 'Adventure'}]",,987,[],en,Movie 987,Description,168.62900075595803,[],[],2023-07-22,2521600000,120.57074259564686,[],Released,Tagline,Title 987,7.4358684630475125,11835
147000000,"[{'id': 99, 'name': 'Documentary'}, {'id': 10749, 'name': 'Romance'}]",,988,[],en,Movie 988,Description,57.62760711255892,[],[],2023-08-03,2832600000,116.31748546301708,[],Released,Tagline,Title 988,6.697123355221876,13950
117000000,"[{'id': 28, 'name': 'Action'}, {'id': 27, 'name': 'Horror'}, {'id': 18, 'name': 'Drama'}]",,989,[],en,Movie 989,Description,115.5195802993866,[],[],2023-08-16,1845900000,184.17177131408556,[],Released,Tagline,Title 989,6.491789671472189,6832
62000000,"[{'id': 12, 'name': 'Adventure'}, {'id': 80, 'name': 'Crime'}]",,990,[],en,Movie 990,Description,25.523698933950993,[],[],2023-08-28,2403900000,143.494824682494,[],Released,Tagline,Title 990,4.323520984199256,8085
188000000,"[{'id': 27, 'name': 'Horror'}]",,991,[],ja,Movie 991,Description,138.3519445631941,[],[],2023-09-10,1600700000,123.74841886691023,[],Released,Tagline,Title 991,4.721487011376397,12800
48000000,"[{'id': 9648, 'name': 'Mystery'}, {'id': 37, 'name': 'Western'}, {'id': 35, 'name': 'Comedy'}]",,992,[],fr,Movie 992,Description,146.6615998321897,[],[],2023-09-22,2854500000,111.92951723596617,[],Released,Tagline,Title 992,8.415288646162836,6154
256000000,"[{'id': 14, 'name': 'Fantasy'}, {'id': 9648, 'name': 'Mystery'}]",,993,[],en,Movie 993,Description,9.524626916610684,[],[],2023-10-04,20200000,150.86117705727548,[],Released,Tagline,Title 993,6.050821575209016,17052
223000000,"[{'id': 27, 'name': 'Horror'}, {'id': 12, 'name': 'Adventure'}]",,994,[],de,Movie 994,Description,135.48240176196904,[],[],2023-10-17,1128500000,98.20077686520376,[],Released,Tagline,Title 994,7.071662382923955,1754
140000000,"[{'id': 53, 'name': 'Thriller'}, {'id': 35, 'name': 'Comedy'}, {'id': 14, 'name': 'Fantasy'}]",,995,[],en,Movie 995,Description,83.52334067899149,[],[],2023-10-29,571100000,109.54457222105378,[],Released,Tagline,Title 995,6.641166163574792,11528
214000000,"[{'id': 37, 'name': 'Western'}]",,996,[],en,Movie 996,Description,25.695278345826786,[],[],2023-11-11,1955000000,115.23345980776998,[],Released,Tagline,Title 996,5.894411897756174,11411
210000000,"[{'id': 80, 'name': 'Crime'}, {'id': 18, 'name': 'Drama'}]",,997,[],en,Movie 997,Description,84.56160199199505,[],[],2023-11-23,2765600000,152.94907371283293,[],Released,Tagline,Title 997,5.939082713054656,3833
31000000,"[{'id': 99, 'name': 'Documentary'}, {'id': 10749, 'name': 'Romance'}]",,998,[],de,Movie 998,Description,39.65235300942076,[],[],2023-12-06,2914400000,124.79059508197705,[],Released,Tagline,Title 998,6.777325029543364,19713
157000000,"[{'id': 35, 'name': 'Comedy'}]",,999,[],en,Movie 999,Description,83.69634689253999,[],[],2023-12-18,1569900000,140.69399601440594,[],Released,Tagline,Title 999,4.705709007378718,6911
284000000,"[{'id': 12, 'name': 'Adventure'}, {'id': 14, 'name': 'Fantasy'}, {'id': 878, 'name': 'Science Fiction'}]",,1000,[],en,Movie 1000,Description,77.48346656374702,[],[],2023-12-31,210300000,158.05259165199038,[],Released,Tagline,Title 1000,5.93629520127217,8442
